key,file,line,kind
"APNS_KEY_ID","packages/push-gateway/src/config.ts","4","destructure"
"APNS_PRIVATE_KEY_FILE","packages/push-gateway/src/config.ts","4","destructure"
"APNS_TEAM_ID","packages/push-gateway/src/config.ts","4","destructure"
"APPDIR","backend/src/terminal/runtime/pty-service.ts","125","property"
"APPDIR","backend/src/terminal/runtime/pty-service.ts","129","property"
"APPDIR","backend/src/terminal/runtime/pty-service.ts","136","property"
"APPIMAGE","backend/src/terminal/runtime/pty-service.ts","125","property"
"APPIMAGE","backend/src/terminal/runtime/pty-service.ts","135","property"
"ARCHITECTURE_BASE_REF","scripts/architecture/legacy-baseline.mjs","40","property"
"AUTH_ACCESS_TOKEN_TTL_SECONDS","backend/src/auth/config.ts","97","property"
"AUTH_ACCESS_TOKEN_TTL_SECONDS","backend/src/auth/config.ts","100","property"
"AUTH_COOKIE_SECURE","backend/src/auth/config.ts","112","property"
"AUTH_JWT_SECRET","backend/src/auth/config.ts","72","property"
"AUTH_JWT_SECRET","backend/src/scheduled-tasks/providers/codex.ts","207","dynamic-key-candidate"
"AUTH_JWT_SECRET","electron/src/backend/packaged/auth.ts","383","property"
"AUTH_JWT_SECRET","electron/src/backend/packaged/auth.ts","397","property"
"AUTH_JWT_SECRET","electron/src/backend/runtime.ts","148","dynamic-key-candidate"
"AUTH_PASSWORD","backend/src/auth/config.ts","71","property"
"AUTH_PASSWORD","backend/src/scheduled-tasks/providers/codex.ts","206","dynamic-key-candidate"
"AUTH_PASSWORD","electron/src/backend/packaged/auth.ts","382","property"
"AUTH_PASSWORD","electron/src/backend/packaged/auth.ts","396","property"
"AUTH_PASSWORD","electron/src/backend/runtime.ts","148","dynamic-key-candidate"
"AUTH_PASSWORD","scripts/dev-session/fixtures/cleanup.mjs","330","property"
"AUTH_REFRESH_COOKIE_NAME","backend/src/auth/config.ts","110","property"
"AUTH_REFRESH_TOKEN_TTL_SECONDS","backend/src/auth/config.ts","105","property"
"AUTH_STORE_FILE","backend/src/utils/path.ts","110","property"
"AUTH_STORE_FILE","electron/src/desktop/config.ts","94","property"
"AUTH_STORE_FILE","scripts/verify/backend/runtime-lifecycle.ts","303","property"
"AUTH_TOKEN_TTL_SECONDS","backend/src/auth/config.ts","98","property"
"AUTH_USERNAME","backend/src/auth/config.ts","70","property"
"AUTH_USERNAME","backend/src/scheduled-tasks/providers/codex.ts","205","dynamic-key-candidate"
"AUTH_USERNAME","electron/src/backend/packaged/auth.ts","381","property"
"AUTH_USERNAME","electron/src/backend/packaged/auth.ts","395","property"
"AUTH_USERNAME","electron/src/backend/runtime.ts","148","dynamic-key-candidate"
"AUTH_USERNAME","scripts/dev-session/fixtures/cleanup.mjs","329","property"
"BATTERY_FIXTURE_CERT","scripts/verify/device-monitor/fixture.ts","71","property"
"BATTERY_FIXTURE_CERT","scripts/verify/device-monitor/provider.ts","17","property"
"BATTERY_FIXTURE_KEY","scripts/verify/device-monitor/fixture.ts","72","property"
"BATTERY_FIXTURE_KEY","scripts/verify/device-monitor/provider.ts","18","property"
"BROWSER_PROFILE_DIR","electron/src/backend/health-auth.ts","74","property"
"BROWSER_PROFILE_DIR","electron/src/backend/health-auth.ts","75","property"
"BROWSER_PROFILE_DIR","electron/src/desktop/config.ts","90","property"
"BROWSER_PROFILE_DIR","electron/src/desktop/config.ts","95","property"
"BROWSER_PROFILE_DIR","packages/shared/src/browser/profile-node.ts","117","property"
"BROWSER_PROFILE_DIR","scripts/update/scheduled-task-guard.mjs","9","property"
"BROWSER_VIEWER_AUTO_INSTALL_LOCAL_UPDATES","electron/src/updater/index.ts","27","property"
"BROWSER_VIEWER_BACKEND_URL","electron/src/activity/emitter.ts","23","property"
"BROWSER_VIEWER_BACKEND_URL","electron/src/desktop/runtime-state.ts","18","property"
"BROWSER_VIEWER_BACKEND_URL","electron/src/main.ts","383","property"
"BROWSER_VIEWER_BACKEND_URL","electron/src/preload.ts","133","property"
"BROWSER_VIEWER_DEV_URL","electron/src/desktop/config.ts","134","property"
"BROWSER_VIEWER_LAST_COMMAND","backend/src/terminal/tmux/internals.ts","41","supplemental-literal"
"BROWSER_VIEWER_LOCAL_UPDATES_HOST","scripts/electron/serve-local-updates.mjs","9","property"
"BROWSER_VIEWER_LOCAL_UPDATES_PORT","scripts/electron/serve-local-updates.mjs","13","property"
"BROWSER_VIEWER_LOCAL_UPDATES_URL","electron/src/updater/index.ts","20","property"
"BROWSER_VIEWER_LOCAL_UPDATES_URL","scripts/electron/local-update.mjs","26","property"
"BROWSER_VIEWER_MANAGES_PACKAGED_BACKEND","electron/src/preload.ts","130","property"
"BROWSER_VIEWER_NODE_PTY_DIR","backend/src/terminal/runtime/node-pty-path.ts","6","property"
"BROWSER_VIEWER_ORIGINAL_ZDOTDIR","backend/src/terminal/runtime/shell-integration.ts","27","property"
"BROWSER_VIEWER_TERMINAL_BROWSER_CDP_PROXY_PORT","electron/src/browser/cdp/proxy/port.ts","16","supplemental-literal"
"CLAUDE_PLUGIN_ROOT","electron/resources/hooks/runweave-hook-dispatch.cjs","72","property"
"CLAUDE_PLUGIN_ROOT","electron/resources/hooks/runweave-hook-dispatch.cjs","74","property"
"CLICOLOR","backend/src/terminal/runtime/env.ts","39","property"
"CLICOLOR","backend/src/terminal/runtime/env.ts","40","property"
"CODEX_BIN","app-server/src/codex/client.ts","343","property"
"CODEX_BIN","backend/src/voice/codex-app-server-client.ts","294","property"
"CODEX_HOME","backend/src/evolution/providers/process-runner.ts","14","dynamic-allowlist"
"CODEX_HOME","deploy/suiji/entrypoint.mjs","53","property"
"CODEX_HOME","scripts/toolkit/sync.mjs","43","property"
"CODEX_HOME","scripts/toolkit/validate.mjs","15","property"
"CODEX_PLUGIN_ROOT","electron/resources/hooks/runweave-hook-dispatch.cjs","67","property"
"CODEX_PLUGIN_ROOT","electron/resources/hooks/runweave-hook-dispatch.cjs","69","property"
"COLORTERM","backend/src/terminal/tmux/process.ts","221","property"
"COMSPEC","backend/src/terminal/runtime/default-shell.ts","15","property"
"CSC_IDENTITY_AUTO_DISCOVERY","scripts/electron/dist-retry.mjs","324","property"
"DATABASE_URL","deploy/suiji/entrypoint.mjs","32","property"
"DATABASE_URL","packages/suiji-server/src/config.ts","5","schema"
"DEV","frontend/src/e2e/browser-overlay-harness.tsx","116","property"
"DEV","frontend/src/e2e/browser-overlay-harness.tsx","137","property"
"DEV","frontend/src/features/terminal/browser-presentation/coordinator.ts","14","property"
"DEV","frontend/src/main.tsx","43","property"
"DEV","frontend/src/services/suiji.ts","42","property"
"DEV_BACKEND_HEALTHCHECK_TIMEOUT_MS","scripts/dev/web.mjs","114","property"
"DEV_HOST","scripts/dev/electron.mjs","19","property"
"DEV_HOST","scripts/dev/web.mjs","148","property"
"ELECTRON_BUILDER_CACHE","scripts/electron/dist-retry.mjs","328","property"
"ELECTRON_CACHE","scripts/electron/dist-retry.mjs","326","property"
"ELECTRON_RUN_AS_NODE","backend/src/auth/config.ts","33","property"
"ELECTRON_RUN_AS_NODE","backend/src/terminal/runtime/env.ts","35","property"
"FEISHU_ALLOWED_OPEN_IDS","packages/runweave-cli/src/feishu/config.ts","27","property"
"FEISHU_APP_ID","packages/runweave-cli/src/feishu/config.ts","15","property"
"FEISHU_APP_SECRET","packages/runweave-cli/src/feishu/config.ts","16","property"
"FEISHU_NOTIFY_DEBUG_PAYLOAD","electron/resources/hooks/feishu_stop_notify.sh","229","supplemental-literal"
"FEISHU_NOTIFY_DEBUG_PAYLOAD","electron/resources/hooks/pi/bridge/feishu_stop_notify.sh","229","supplemental-literal"
"FEISHU_NOTIFY_DEBUG_PAYLOAD","packages/agent-bridge/hooks/feishu_stop_notify.sh","229","supplemental-literal"
"FEISHU_NOTIFY_DEBUG_PAYLOAD","plugins/toolkit/hooks/feishu_stop_notify.sh","229","supplemental-literal"
"FEISHU_NOTIFY_ENV","electron/resources/hooks/feishu_stop_notify.sh","5","supplemental-literal"
"FEISHU_NOTIFY_ENV","electron/resources/hooks/pi/bridge/feishu_stop_notify.sh","5","supplemental-literal"
"FEISHU_NOTIFY_ENV","packages/agent-bridge/hooks/feishu_stop_notify.sh","5","supplemental-literal"
"FEISHU_NOTIFY_ENV","plugins/toolkit/hooks/feishu_stop_notify.sh","5","supplemental-literal"
"FEISHU_NOTIFY_LOG","electron/resources/hooks/feishu_stop_notify.sh","6","supplemental-literal"
"FEISHU_NOTIFY_LOG","electron/resources/hooks/pi/bridge/feishu_stop_notify.sh","6","supplemental-literal"
"FEISHU_NOTIFY_LOG","packages/agent-bridge/hooks/feishu_stop_notify.sh","6","supplemental-literal"
"FEISHU_NOTIFY_LOG","plugins/toolkit/hooks/feishu_stop_notify.sh","6","supplemental-literal"
"FEISHU_NOTIFY_OPEN_IDS","packages/runweave-cli/src/feishu/config.ts","33","property"
"FEISHU_NOTIFY_TRANSPORT","electron/resources/hooks/feishu_stop_notify.sh","233","supplemental-literal"
"FEISHU_NOTIFY_TRANSPORT","electron/resources/hooks/pi/bridge/feishu_stop_notify.sh","233","supplemental-literal"
"FEISHU_NOTIFY_TRANSPORT","packages/agent-bridge/hooks/feishu_stop_notify.sh","233","supplemental-literal"
"FEISHU_NOTIFY_TRANSPORT","plugins/toolkit/hooks/feishu_stop_notify.sh","233","supplemental-literal"
"FEISHU_TARGET_CHAT_ID","packages/runweave-cli/src/feishu/config.ts","17","property"
"FEISHU_WEBHOOK_SECRET","electron/resources/hooks/feishu_stop_notify.sh","132","supplemental-literal"
"FEISHU_WEBHOOK_SECRET","electron/resources/hooks/feishu_stop_notify.sh","143","supplemental-literal"
"FEISHU_WEBHOOK_SECRET","electron/resources/hooks/pi/bridge/feishu_stop_notify.sh","132","supplemental-literal"
"FEISHU_WEBHOOK_SECRET","electron/resources/hooks/pi/bridge/feishu_stop_notify.sh","143","supplemental-literal"
"FEISHU_WEBHOOK_SECRET","packages/agent-bridge/hooks/feishu_stop_notify.sh","132","supplemental-literal"
"FEISHU_WEBHOOK_SECRET","packages/agent-bridge/hooks/feishu_stop_notify.sh","143","supplemental-literal"
"FEISHU_WEBHOOK_SECRET","plugins/toolkit/hooks/feishu_stop_notify.sh","132","supplemental-literal"
"FEISHU_WEBHOOK_SECRET","plugins/toolkit/hooks/feishu_stop_notify.sh","143","supplemental-literal"
"FEISHU_WEBHOOK_URL","electron/resources/hooks/feishu_stop_notify.sh","127","supplemental-literal"
"FEISHU_WEBHOOK_URL","electron/resources/hooks/feishu_stop_notify.sh","154","supplemental-literal"
"FEISHU_WEBHOOK_URL","electron/resources/hooks/pi/bridge/feishu_stop_notify.sh","127","supplemental-literal"
"FEISHU_WEBHOOK_URL","electron/resources/hooks/pi/bridge/feishu_stop_notify.sh","154","supplemental-literal"
"FEISHU_WEBHOOK_URL","packages/agent-bridge/hooks/feishu_stop_notify.sh","127","supplemental-literal"
"FEISHU_WEBHOOK_URL","packages/agent-bridge/hooks/feishu_stop_notify.sh","154","supplemental-literal"
"FEISHU_WEBHOOK_URL","plugins/toolkit/hooks/feishu_stop_notify.sh","127","supplemental-literal"
"FEISHU_WEBHOOK_URL","plugins/toolkit/hooks/feishu_stop_notify.sh","154","supplemental-literal"
"FORCE_COLOR","backend/src/terminal/runtime/env.ts","36","property"
"FORCE_COLOR","backend/src/terminal/runtime/env.ts","37","property"
"FRONTEND_DIST_DIR","backend/src/server/frontend-dist.ts","16","property"
"FRONTEND_DIST_DIR","scripts/release/backend-start.mjs","21","property"
"FRONTEND_ORIGIN","backend/src/index.ts","136","property"
"GIT_DIR","scripts/evolution/verify-repository-fixtures.mjs","87","property"
"GIT_DIR","scripts/evolution/verify-repository-fixtures.mjs","89","property"
"HOME","backend/src/evolution/providers/process-runner.ts","13","dynamic-allowlist"
"HOME","electron/resources/hooks/feishu_stop_notify.sh","5","supplemental-literal"
"HOME","electron/resources/hooks/feishu_stop_notify.sh","6","supplemental-literal"
"HOME","electron/resources/hooks/feishu_stop_notify.sh","219","supplemental-literal"
"HOME","electron/resources/hooks/feishu_stop_notify.sh","230","supplemental-literal"
"HOME","electron/resources/hooks/pi/bridge/feishu_stop_notify.sh","5","supplemental-literal"
"HOME","electron/resources/hooks/pi/bridge/feishu_stop_notify.sh","6","supplemental-literal"
"HOME","electron/resources/hooks/pi/bridge/feishu_stop_notify.sh","219","supplemental-literal"
"HOME","electron/resources/hooks/pi/bridge/feishu_stop_notify.sh","230","supplemental-literal"
"HOME","packages/agent-bridge/hooks/feishu_stop_notify.sh","5","supplemental-literal"
"HOME","packages/agent-bridge/hooks/feishu_stop_notify.sh","6","supplemental-literal"
"HOME","packages/agent-bridge/hooks/feishu_stop_notify.sh","219","supplemental-literal"
"HOME","packages/agent-bridge/hooks/feishu_stop_notify.sh","230","supplemental-literal"
"HOME","packages/suiji-server/src/reviews/codex.ts","86","dynamic-allowlist"
"HOME","plugins/toolkit/hooks/feishu_stop_notify.sh","5","supplemental-literal"
"HOME","plugins/toolkit/hooks/feishu_stop_notify.sh","6","supplemental-literal"
"HOME","plugins/toolkit/hooks/feishu_stop_notify.sh","219","supplemental-literal"
"HOME","plugins/toolkit/hooks/feishu_stop_notify.sh","230","supplemental-literal"
"HOST","backend/src/server/runtime-config.ts","46","property"
"HTTP_PROXY","backend/src/evolution/providers/process-runner.ts","20","dynamic-allowlist"
"HTTP_PROXY","packages/suiji-server/src/reviews/codex.ts","93","dynamic-allowlist"
"HTTPS_PROXY","backend/src/evolution/providers/process-runner.ts","21","dynamic-allowlist"
"HTTPS_PROXY","packages/suiji-server/src/reviews/codex.ts","94","dynamic-allowlist"
"LANG","backend/src/evolution/providers/process-runner.ts","18","dynamic-allowlist"
"LANG","backend/src/terminal/tmux/internals.ts","81","property"
"LANG","backend/src/terminal/tmux/process.ts","209","property"
"LANG","electron/src/companion/agent.ts","48","dynamic-allowlist"
"LANG","packages/suiji-server/src/reviews/codex.ts","89","dynamic-allowlist"
"LANG","scripts/dev-session/verify/backend-profile-lock.mjs","172","property"
"LC_ALL","backend/src/evolution/providers/process-runner.ts","19","dynamic-allowlist"
"LC_ALL","backend/src/terminal/tmux/internals.ts","81","property"
"LC_ALL","backend/src/terminal/tmux/process.ts","215","property"
"LC_ALL","backend/src/terminal/tmux/process.ts","218","property"
"LC_ALL","electron/src/companion/agent.ts","48","dynamic-allowlist"
"LC_ALL","packages/suiji-server/src/reviews/codex.ts","90","dynamic-allowlist"
"LC_ALL","scripts/dev-session/verify/backend-profile-lock.mjs","171","property"
"LC_CTYPE","backend/src/terminal/tmux/internals.ts","81","property"
"LC_CTYPE","backend/src/terminal/tmux/process.ts","213","property"
"LIVE_AUTH_TOKEN","backend/.env.example","9","template"
"LIVE_SMOKE_ENABLED","backend/.env.example","7","template"
"LIVE_TARGET_URL","backend/.env.example","8","template"
"LOCALAPPDATA","scripts/electron/dist-retry.mjs","20","property"
"MIGRATION_DATABASE_URL","deploy/suiji/entrypoint.mjs","33","property"
"MIGRATION_DATABASE_URL","packages/suiji-server/scripts/admin.ts","8","property"
"MIGRATION_DATABASE_URL","packages/suiji-server/scripts/admin.ts","27","property"
"MIGRATION_DATABASE_URL","packages/suiji-server/scripts/mcp-credentials.ts","14","property"
"MIGRATION_DATABASE_URL","packages/suiji-server/scripts/mcp-credentials.ts","15","property"
"MIGRATION_DATABASE_URL","packages/suiji-server/scripts/migrate.ts","13","property"
"MIGRATION_DATABASE_URL","packages/suiji-server/scripts/migrate.ts","16","property"
"MIGRATION_DATABASE_URL","packages/suiji-server/src/config.ts","50","property"
"MODEL_FIXTURE_MODE","scripts/verify/agent-team/model-config.mjs","170","property"
"MODEL_FIXTURE_MODE","scripts/verify/agent-team/model-config.mjs","196","property"
"MODEL_FIXTURE_MODE","scripts/verify/agent-team/model-config.mjs","207","property"
"NO_COLOR","backend/src/terminal/runtime/env.ts","34","property"
"NO_PROXY","backend/src/evolution/providers/process-runner.ts","22","dynamic-allowlist"
"NO_PROXY","packages/suiji-server/src/reviews/codex.ts","96","dynamic-allowlist"
"NODE_ENV","backend/src/auth/config.ts","32","property"
"NODE_ENV","backend/src/logging/logger.ts","68","property"
"NODE_ENV","packages/suiji-server/src/config.ts","4","schema"
"NODE_EXTRA_CA_CERTS","backend/src/evolution/providers/process-runner.ts","23","dynamic-allowlist"
"NVM_DIR","backend/src/terminal/tmux/process.ts","198","property"
"OPENSSL_BIN","electron/resources/hooks/feishu_stop_notify.sh","7","supplemental-literal"
"OPENSSL_BIN","electron/resources/hooks/feishu_stop_notify.sh","135","supplemental-literal"
"OPENSSL_BIN","electron/resources/hooks/pi/bridge/feishu_stop_notify.sh","7","supplemental-literal"
"OPENSSL_BIN","electron/resources/hooks/pi/bridge/feishu_stop_notify.sh","135","supplemental-literal"
"OPENSSL_BIN","packages/agent-bridge/hooks/feishu_stop_notify.sh","7","supplemental-literal"
"OPENSSL_BIN","packages/agent-bridge/hooks/feishu_stop_notify.sh","135","supplemental-literal"
"OPENSSL_BIN","plugins/toolkit/hooks/feishu_stop_notify.sh","7","supplemental-literal"
"OPENSSL_BIN","plugins/toolkit/hooks/feishu_stop_notify.sh","135","supplemental-literal"
"PATH","app-server/src/codex/client.ts","375","property"
"PATH","app-server/src/codex/client.ts","387","property"
"PATH","backend/src/evolution/providers/process-runner.ts","12","dynamic-allowlist"
"PATH","backend/src/terminal/runtime/pty-service.ts","130","property"
"PATH","backend/src/terminal/runtime/pty-service.ts","131","property"
"PATH","backend/src/terminal/tmux/internals.ts","94","property"
"PATH","backend/src/terminal/tmux/process.ts","194","property"
"PATH","backend/src/voice/codex-app-server-client.ts","324","property"
"PATH","backend/src/voice/codex-app-server-client.ts","338","property"
"PATH","backend/src/voice/codex-app-server-client.ts","350","property"
"PATH","electron/src/companion/agent.ts","48","dynamic-allowlist"
"PATH","packages/suiji-server/src/reviews/codex.ts","85","dynamic-allowlist"
"PATH","scripts/verify/agent-team/model-config.mjs","137","property"
"PI_CODING_AGENT_DIR","electron/src/hooks/hook-installer.ts","99","property"
"PI_CODING_AGENT_DIR","electron/src/hooks/hook-installer.ts","490","property"
"PI_CODING_AGENT_DIR","scripts/agents/install-pi.mjs","11","property"
"PI_CODING_AGENT_DIR","scripts/toolkit/sync.mjs","85","property"
"PLAYWRIGHT_BACKEND_PORT","frontend/playwright.config.ts","8","property"
"PLAYWRIGHT_CHANNEL","frontend/playwright.config.ts","41","property"
"PLAYWRIGHT_FRONTEND_PORT","frontend/playwright.config.ts","9","property"
"PLAYWRIGHT_MCP_CDP_ENDPOINT","backend/src/index.ts","163","property"
"PLAYWRIGHT_MCP_CDP_ENDPOINT","backend/src/terminal/tmux/process.ts","202","property"
"PLAYWRIGHT_MCP_CDP_ENDPOINT","electron/src/main.ts","374","property"
"PLAYWRIGHT_PROFILE_DIR","frontend/playwright.config.ts","13","property"
"PLAYWRIGHT_PROFILE_DIR","frontend/playwright.config.ts","16","property"
"PORT","backend/src/server/runtime-config.ts","49","property"
"PORT_STRICT","backend/src/server/runtime-config.ts","52","property"
"POSTGRES_DB","deploy/suiji/init-db.sh","6","supplemental-literal"
"POSTGRES_USER","deploy/suiji/init-db.sh","6","supplemental-literal"
"PROMPT_COMMAND","backend/src/terminal/runtime/shell-integration.ts","276","property"
"PUSH_GATEWAY_ADMIN_TOKEN","packages/push-gateway/src/admin.ts","9","property"
"PUSH_GATEWAY_ADMIN_TOKEN","packages/push-gateway/src/index.ts","10","property"
"PUSH_GATEWAY_ADMIN_URL","packages/push-gateway/src/admin.ts","6","property"
"PUSH_GATEWAY_APNS_KEY_FILE","deploy/push-gateway/compose.yaml","38","supplemental-literal"
"PUSH_GATEWAY_APNS_KEY_FILE","deploy/push-gateway/deployment.env.example","5","supplemental-literal"
"PUSH_GATEWAY_BIND","packages/push-gateway/src/config.ts","27","property"
"PUSH_GATEWAY_DATA_DIR","packages/push-gateway/src/admin.ts","16","property"
"PUSH_GATEWAY_DATA_DIR","packages/push-gateway/src/admin.ts","24","property"
"PUSH_GATEWAY_DATA_DIR","packages/push-gateway/src/config.ts","4","destructure"
"PUSH_GATEWAY_ENV_FILE","deploy/push-gateway/compose.yaml","40","supplemental-literal"
"PUSH_GATEWAY_ENV_FILE","deploy/push-gateway/deployment.env.example","6","supplemental-literal"
"PUSH_GATEWAY_HOST_PORT","deploy/push-gateway/compose.yaml","11","supplemental-literal"
"PUSH_GATEWAY_HOST_PORT","deploy/push-gateway/deployment.env.example","3","supplemental-literal"
"PUSH_GATEWAY_IMAGE","deploy/push-gateway/compose.yaml","3","supplemental-literal"
"PUSH_GATEWAY_IMAGE","deploy/push-gateway/deployment.env.example","2","supplemental-literal"
"PUSH_GATEWAY_PORT","packages/push-gateway/src/config.ts","26","property"
"PWD","electron/resources/hooks/pi/bridge/runweave-hook-payload.cjs","435","property"
"PWD","electron/resources/hooks/pi/bridge/runweave-hook-payload.cjs","468","property"
"PWD","electron/resources/hooks/runweave-hook-payload.cjs","435","property"
"PWD","electron/resources/hooks/runweave-hook-payload.cjs","468","property"
"PWD","electron/src/hooks/hook-event.ts","115","property"
"PWD","packages/agent-bridge/hooks/runweave-hook-payload.cjs","435","property"
"PWD","packages/agent-bridge/hooks/runweave-hook-payload.cjs","468","property"
"RUNWEAVE_ACCESS_TOKEN","electron/src/desktop/config.ts","103","property"
"RUNWEAVE_ACCESS_TOKEN","packages/runweave-cli/src/client/cli-base-url.ts","35","property"
"RUNWEAVE_ACCESS_TOKEN","packages/runweave-cli/src/config/profile-store.ts","126","property"
"RUNWEAVE_ACCESS_TOKEN","scripts/dev-session/ready-project.mjs","33","dynamic-key-candidate"
"RUNWEAVE_ACCESS_TOKEN","scripts/update/context.mjs","26","dynamic-key-candidate"
"RUNWEAVE_ACTIVITY_EXTERNAL_RELEASE","scripts/verify/activity/sqlite.mjs","230","property"
"RUNWEAVE_ACTIVITY_HOME","backend/src/utils/path.ts","92","property"
"RUNWEAVE_ACTIVITY_PACKAGED_RESOURCES","scripts/verify/activity/sqlite.mjs","267","property"
"RUNWEAVE_ACTIVITY_SQLITE_ARTIFACT_ROOT","electron/scripts/activity-sqlite-runtime-paths.mjs","18","property"
"RUNWEAVE_ACTIVITY_TEST_KEY","backend/src/activity/recording/store.ts","84","property"
"RUNWEAVE_ACTIVITY_TEST_KEY","backend/src/activity/security/crypto.ts","145","property"
"RUNWEAVE_ACTIVITY_TEST_MAX_DATABASE_BYTES","backend/src/activity/recording/store.ts","88","property"
"RUNWEAVE_ACTIVITY_TEST_MAX_DATABASE_BYTES","backend/src/activity/recording/store.ts","89","property"
"RUNWEAVE_ACTIVITY_TEST_MODE","backend/src/activity/recording/store.ts","83","property"
"RUNWEAVE_ACTIVITY_TEST_MODE","backend/src/activity/recording/store.ts","87","property"
"RUNWEAVE_ACTIVITY_TEST_MODE","backend/src/activity/security/crypto.ts","144","property"
"RUNWEAVE_ACTIVITY_TEST_MODE","backend/src/utils/path.ts","91","property"
"RUNWEAVE_ACTIVITY_WORKER_ENTRY","backend/src/activity/recording/store.ts","36","property"
"RUNWEAVE_ACTIVITY_WORKER_ENTRY","backend/src/scheduled-tasks/storage/store.ts","234","property"
"RUNWEAVE_ACTIVITY_WORKER_ENTRY","scripts/release/backend-start.mjs","22","property"
"RUNWEAVE_AGENT_BRIDGE_ROOT","electron/resources/hooks/pi/runweave.js","21","property"
"RUNWEAVE_AGENT_BRIDGE_ROOT","packages/agent-bridge/src/transport.ts","14","property"
"RUNWEAVE_AGENT_TEAM_FIXTURE_NAMESPACE","backend/src/agent-team/fixtures/scope.ts","20","property"
"RUNWEAVE_AGENT_TEAM_FIXTURE_OWNS_TERMINAL_SESSION","backend/src/agent-team/fixtures/scope.ts","57","property"
"RUNWEAVE_AGENT_TEAM_OWNER_CASE_IDS","backend/src/agent-team/fixtures/scope.ts","18","property"
"RUNWEAVE_AGENT_TEAM_OWNER_DEV_SESSION_ID","backend/src/agent-team/fixtures/scope.ts","54","property"
"RUNWEAVE_AGENT_TEAM_OWNER_DEV_SESSION_ID","scripts/verify/agent-team/fixture-lifecycle/index.mjs","445","property"
"RUNWEAVE_AGENT_TEAM_OWNER_DISPATCH_ID","backend/src/agent-team/fixtures/scope.ts","17","property"
"RUNWEAVE_AGENT_TEAM_OWNER_DISPATCH_ID","scripts/verify/agent-team/fixture-lifecycle/index.mjs","448","property"
"RUNWEAVE_AGENT_TEAM_OWNER_RUN_ID","backend/src/agent-team/fixtures/scope.ts","15","property"
"RUNWEAVE_AGENT_TEAM_OWNER_RUN_ID","scripts/verify/agent-team/fixture-lifecycle/index.mjs","422","property"
"RUNWEAVE_AGENT_TEAM_OWNER_RUN_ID","scripts/verify/agent-team/fixture-lifecycle/index.mjs","443","property"
"RUNWEAVE_AGENT_TEAM_RUN_ID","backend/src/scheduled-tasks/providers/codex.ts","214","dynamic-key-candidate"
"RUNWEAVE_AGENT_TEAM_RUN_ID","scripts/dev-session/fixtures/scope.mjs","66","property"
"RUNWEAVE_AGENT_TEAM_WORKER_ID","backend/src/scheduled-tasks/providers/codex.ts","215","dynamic-key-candidate"
"RUNWEAVE_APP_BACKUP_PATH","scripts/update/context.mjs","27","dynamic-key-candidate"
"RUNWEAVE_APP_BACKUP_PATH","scripts/update/index.mjs","72","property"
"RUNWEAVE_APP_BACKUP_PATH","scripts/update/index.mjs","73","property"
"RUNWEAVE_APP_PATH","scripts/dev-session/verify/beta-slot-storage.mjs","27","supplemental-literal"
"RUNWEAVE_APP_SERVER_CLOUD_SYNC_DIR","app-server/src/config.ts","39","property"
"RUNWEAVE_APP_SERVER_CLOUD_SYNC_DIR","electron/src/desktop/config.ts","109","property"
"RUNWEAVE_APP_SERVER_CLOUD_SYNC_DIR","scripts/update/context.mjs","28","dynamic-key-candidate"
"RUNWEAVE_APP_SERVER_CODEX_STATUS_INTERVAL_MS","app-server/src/index.ts","93","property"
"RUNWEAVE_APP_SERVER_CODEX_STATUS_START_DELAY_MS","app-server/src/index.ts","89","property"
"RUNWEAVE_APP_SERVER_DISCOVERY","backend/src/app-server/codex-quota.ts","7","property"
"RUNWEAVE_APP_SERVER_DISCOVERY","backend/src/app-server/integration.ts","28","property"
"RUNWEAVE_APP_SERVER_DISCOVERY","backend/src/app-server/integration.ts","226","property"
"RUNWEAVE_APP_SERVER_DISCOVERY","backend/src/terminal/runtime/environment.ts","53","property"
"RUNWEAVE_APP_SERVER_DISCOVERY","electron/resources/hooks/app-server-client.cjs","12","property"
"RUNWEAVE_APP_SERVER_DISCOVERY","electron/resources/hooks/pi/bridge/app-server-client.cjs","12","property"
"RUNWEAVE_APP_SERVER_DISCOVERY","packages/agent-bridge/hooks/app-server-client.cjs","12","property"
"RUNWEAVE_APP_SERVER_DISCOVERY","packages/shared/src/app-server/discovery.ts","21","property"
"RUNWEAVE_APP_SERVER_DISCOVERY","scripts/beta/operations.mjs","139","dynamic-key-candidate"
"RUNWEAVE_APP_SERVER_DISCOVERY","scripts/dev-session/verify/beta-slot-pool.mjs","125","dynamic-key-candidate"
"RUNWEAVE_APP_SERVER_DISCOVERY","scripts/dev-session/verify/registry.mjs","561","property"
"RUNWEAVE_APP_SERVER_DISCOVERY","scripts/update/operations.mjs","347","property"
"RUNWEAVE_APP_SERVER_ENTRY","app-server/src/config.ts","45","property"
"RUNWEAVE_APP_SERVER_HOME","backend/src/terminal/runtime/environment.ts","54","property"
"RUNWEAVE_APP_SERVER_HOME","electron/resources/hooks/app-server-client.cjs","38","property"
"RUNWEAVE_APP_SERVER_HOME","electron/resources/hooks/pi/bridge/app-server-client.cjs","38","property"
"RUNWEAVE_APP_SERVER_HOME","electron/scripts/bundle.mjs","48","property"
"RUNWEAVE_APP_SERVER_HOME","electron/src/backend/packaged/controller.ts","114","property"
"RUNWEAVE_APP_SERVER_HOME","electron/src/desktop/config.ts","54","property"
"RUNWEAVE_APP_SERVER_HOME","electron/src/desktop/config.ts","55","property"
"RUNWEAVE_APP_SERVER_HOME","electron/src/desktop/config.ts","104","property"
"RUNWEAVE_APP_SERVER_HOME","electron/src/desktop/config.ts","110","property"
"RUNWEAVE_APP_SERVER_HOME","packages/agent-bridge/hooks/app-server-client.cjs","38","property"
"RUNWEAVE_APP_SERVER_HOME","packages/shared/src/app-server/paths.ts","40","property"
"RUNWEAVE_APP_SERVER_HOME","scripts/dev-session/verify/beta-slot-pool.mjs","126","dynamic-key-candidate"
"RUNWEAVE_APP_SERVER_HOME","scripts/lib/app-server-threadref-fixture.mjs","23","property"
"RUNWEAVE_APP_SERVER_HOME","scripts/lib/app-server-threadref-fixture.mjs","230","property"
"RUNWEAVE_APP_SERVER_HOME","scripts/update/context.mjs","29","dynamic-key-candidate"
"RUNWEAVE_APP_SERVER_HOME","scripts/update/index.mjs","56","property"
"RUNWEAVE_APP_SERVER_HOME","scripts/update/operations.mjs","132","property"
"RUNWEAVE_APP_SERVER_PORT","app-server/src/config.ts","32","property"
"RUNWEAVE_APP_SERVER_RELEASE_ID","app-server/src/config.ts","44","property"
"RUNWEAVE_APP_SERVER_RUNTIME_ROOT","app-server/src/config.ts","46","property"
"RUNWEAVE_APP_SERVER_RUNTIME_ROOT","packages/shared/src/app-server/paths.ts","53","property"
"RUNWEAVE_APP_SERVER_RUNTIME_ROOT","scripts/update/context.mjs","30","dynamic-key-candidate"
"RUNWEAVE_APP_SERVER_SOURCE","app-server/src/config.ts","43","property"
"RUNWEAVE_APP_SERVER_STATE_DIR","app-server/src/config.ts","27","property"
"RUNWEAVE_APP_SERVER_STATE_DIR","backend/src/terminal/runtime/environment.ts","55","property"
"RUNWEAVE_APP_SERVER_STATE_DIR","electron/resources/hooks/app-server-client.cjs","37","property"
"RUNWEAVE_APP_SERVER_STATE_DIR","electron/resources/hooks/pi/bridge/app-server-client.cjs","37","property"
"RUNWEAVE_APP_SERVER_STATE_DIR","packages/agent-bridge/hooks/app-server-client.cjs","37","property"
"RUNWEAVE_APP_SERVER_STATE_DIR","packages/shared/src/app-server/paths.ts","15","property"
"RUNWEAVE_APP_SERVER_STATE_DIR","scripts/lib/app-server-threadref-fixture.mjs","23","property"
"RUNWEAVE_APP_SERVER_STATE_DIR","scripts/lib/app-server-threadref-fixture.mjs","229","property"
"RUNWEAVE_APP_SERVER_STATE_DIR","scripts/update/context.mjs","31","dynamic-key-candidate"
"RUNWEAVE_APP_SERVER_THREAD_STATUS_INTERVAL_MS","app-server/src/index.ts","92","property"
"RUNWEAVE_APP_SERVER_THREAD_STATUS_START_DELAY_MS","app-server/src/index.ts","88","property"
"RUNWEAVE_APP_SERVER_TOKEN","backend/src/app-server/integration.ts","224","property"
"RUNWEAVE_APP_SERVER_TOKEN","backend/src/scheduled-tasks/providers/codex.ts","221","dynamic-key-candidate"
"RUNWEAVE_APP_SERVER_TOKEN","backend/src/terminal/runtime/environment.ts","56","property"
"RUNWEAVE_APP_SERVER_TOKEN","electron/resources/hooks/app-server-client.cjs","28","property"
"RUNWEAVE_APP_SERVER_TOKEN","electron/resources/hooks/pi/bridge/app-server-client.cjs","28","property"
"RUNWEAVE_APP_SERVER_TOKEN","packages/agent-bridge/hooks/app-server-client.cjs","28","property"
"RUNWEAVE_APP_SERVER_TOKEN","packages/shared/src/app-server/discovery.ts","191","property"
"RUNWEAVE_APP_SERVER_TOKEN","scripts/beta/operations.mjs","140","dynamic-key-candidate"
"RUNWEAVE_APP_SERVER_TOKEN","scripts/dev-session/verify/beta-slot-pool.mjs","127","dynamic-key-candidate"
"RUNWEAVE_APP_SERVER_TOKEN","scripts/dev-session/verify/registry.mjs","558","property"
"RUNWEAVE_APP_SERVER_TOKEN","scripts/lib/app-server-threadref-fixture.mjs","25","property"
"RUNWEAVE_APP_SERVER_TOKEN","scripts/update/context.mjs","33","dynamic-key-candidate"
"RUNWEAVE_APP_SERVER_URL","backend/src/app-server/integration.ts","224","property"
"RUNWEAVE_APP_SERVER_URL","backend/src/terminal/runtime/environment.ts","57","property"
"RUNWEAVE_APP_SERVER_URL","electron/resources/hooks/app-server-client.cjs","27","property"
"RUNWEAVE_APP_SERVER_URL","electron/resources/hooks/pi/bridge/app-server-client.cjs","27","property"
"RUNWEAVE_APP_SERVER_URL","electron/src/backend/packaged/controller.ts","113","property"
"RUNWEAVE_APP_SERVER_URL","packages/agent-bridge/hooks/app-server-client.cjs","27","property"
"RUNWEAVE_APP_SERVER_URL","packages/shared/src/app-server/discovery.ts","190","property"
"RUNWEAVE_APP_SERVER_URL","scripts/beta/operations.mjs","141","dynamic-key-candidate"
"RUNWEAVE_APP_SERVER_URL","scripts/dev-session/verify/beta-slot-pool.mjs","128","dynamic-key-candidate"
"RUNWEAVE_APP_SERVER_URL","scripts/dev-session/verify/registry.mjs","554","property"
"RUNWEAVE_APP_SERVER_URL","scripts/lib/app-server-threadref-fixture.mjs","24","property"
"RUNWEAVE_APP_SERVER_URL","scripts/update/context.mjs","32","dynamic-key-candidate"
"RUNWEAVE_AUTO_INSTALL_LOCAL_UPDATES","electron/src/updater/index.ts","26","property"
"RUNWEAVE_BACKEND_LOG_DIR","backend/src/utils/path.ts","124","property"
"RUNWEAVE_BACKEND_PORT","backend/src/bootstrap/runtime-status.ts","14","property"
"RUNWEAVE_BACKEND_PORT","backend/src/terminal/runtime/environment.ts","50","property"
"RUNWEAVE_BACKEND_PORT","packages/runweave-cli/src/config/profile-store.ts","190","property"
"RUNWEAVE_BACKEND_PORT","scripts/dev-session/ready-project.mjs","33","dynamic-key-candidate"
"RUNWEAVE_BACKEND_PORT","scripts/dev/web.mjs","21","dynamic-key-candidate"
"RUNWEAVE_BACKEND_PORT","scripts/update/context.mjs","34","dynamic-key-candidate"
"RUNWEAVE_BACKEND_URL","electron/src/activity/emitter.ts","22","property"
"RUNWEAVE_BACKEND_URL","electron/src/backend/packaged/controller.ts","188","property"
"RUNWEAVE_BACKEND_URL","electron/src/backend/packaged/controller.ts","323","property"
"RUNWEAVE_BACKEND_URL","electron/src/desktop/runtime-state.ts","17","property"
"RUNWEAVE_BACKEND_URL","electron/src/main.ts","382","property"
"RUNWEAVE_BACKEND_URL","electron/src/preload.ts","132","property"
"RUNWEAVE_BACKEND_URL","scripts/dev/web.mjs","13","dynamic-key-candidate"
"RUNWEAVE_BASE_URL","backend/src/bootstrap/runtime-status.ts","13","property"
"RUNWEAVE_BASE_URL","backend/src/terminal/runtime/environment.ts","49","property"
"RUNWEAVE_BASE_URL","packages/runweave-cli/src/config/profile-store.ts","185","property"
"RUNWEAVE_BASE_URL","scripts/dev-session/ready-project.mjs","33","dynamic-key-candidate"
"RUNWEAVE_BASE_URL","scripts/dev/web.mjs","22","dynamic-key-candidate"
"RUNWEAVE_BASE_URL","scripts/update/context.mjs","35","dynamic-key-candidate"
"RUNWEAVE_BETA_POOL_MIGRATION_FAILPOINT","scripts/dev-session/beta-pool/storage/migration.mjs","33","property"
"RUNWEAVE_BETA_POOL_MIGRATION_FAILPOINT","scripts/dev-session/verify/beta-pool-storage-migration.mjs","150","property"
"RUNWEAVE_BETA_POOL_MIGRATION_FAILPOINT","scripts/dev-session/verify/beta-pool-storage-migration.mjs","158","property"
"RUNWEAVE_BETA_POOL_MIN_FREE_BYTES","scripts/dev-session/beta-pool/storage/index.mjs","138","property"
"RUNWEAVE_BETA_RELEASE_FAILPOINT","scripts/dev-session/beta-pool/lifecycle.mjs","123","property"
"RUNWEAVE_BETTER_SQLITE3_NATIVE_BINDING","backend/src/evolution/storage/sqlite-driver.ts","8","property"
"RUNWEAVE_BETTER_SQLITE3_NATIVE_BINDING","backend/src/experience/storage.ts","59","property"
"RUNWEAVE_BETTER_SQLITE3_NATIVE_BINDING","backend/src/knowledge-inbox/storage.ts","36","property"
"RUNWEAVE_BETTER_SQLITE3_NATIVE_BINDING","scripts/release/backend-start.mjs","39","property"
"RUNWEAVE_BETTER_SQLITE3_PACKAGE_DIR","backend/src/evolution/storage/sqlite-driver.ts","7","property"
"RUNWEAVE_BETTER_SQLITE3_PACKAGE_DIR","backend/src/experience/storage.ts","55","property"
"RUNWEAVE_BETTER_SQLITE3_PACKAGE_DIR","backend/src/knowledge-inbox/storage.ts","32","property"
"RUNWEAVE_BETTER_SQLITE3_PACKAGE_DIR","scripts/release/backend-start.mjs","34","property"
"RUNWEAVE_BETTER_SQLITE3_PACKAGE_DIR","scripts/release/backend-start.mjs","40","property"
"RUNWEAVE_BROWSER_LOCAL_ENABLED","backend/src/browser-local/service.ts","27","property"
"RUNWEAVE_BROWSER_WEBMCP","electron/src/browser/view/lifecycle.ts","92","property"
"RUNWEAVE_CLI_BIN","electron/resources/hooks/feishu_stop_notify.sh","177","supplemental-literal"
"RUNWEAVE_CLI_BIN","electron/resources/hooks/pi/bridge/feishu_stop_notify.sh","177","supplemental-literal"
"RUNWEAVE_CLI_BIN","packages/agent-bridge/hooks/feishu_stop_notify.sh","177","supplemental-literal"
"RUNWEAVE_CLI_BIN","plugins/toolkit/hooks/feishu_stop_notify.sh","177","supplemental-literal"
"RUNWEAVE_CLI_BUNDLE_OUTFILE","packages/runweave-cli/scripts/bundle.mjs","5","property"
"RUNWEAVE_CLI_BUNDLE_OUTFILE","scripts/install/app-server.mjs","41","property"
"RUNWEAVE_CLI_BUNDLE_OUTFILE","scripts/update/cli.mjs","106","property"
"RUNWEAVE_CLI_BUNDLE_OUTFILE","scripts/update/index.mjs","256","property"
"RUNWEAVE_CODESIGN_IDENTITY","electron/scripts/adhoc-sign-mac.js","64","property"
"RUNWEAVE_CODEX_BIN","backend/src/evolution/providers/availability.ts","29","property"
"RUNWEAVE_CODEX_BIN","backend/src/evolution/providers/codex.ts","14","property"
"RUNWEAVE_CODEX_BIN","backend/src/scheduled-tasks/providers/capabilities.ts","13","property"
"RUNWEAVE_CODEX_BIN","backend/src/scheduled-tasks/providers/codex.ts","24","property"
"RUNWEAVE_CODEX_SESSIONS_DIR","app-server/src/codex/lifecycle-reader.ts","38","property"
"RUNWEAVE_COMPANION_AGENT_EXECUTABLE","electron/src/companion/agent.ts","33","property"
"RUNWEAVE_COMPLETION_HOOK_ENDPOINT","backend/src/bootstrap/runtime-status.ts","16","property"
"RUNWEAVE_COMPLETION_HOOK_ENDPOINT","backend/src/terminal/runtime/environment.ts","46","property"
"RUNWEAVE_COMPLETION_HOOK_ENDPOINT","electron/resources/hooks/pi/bridge/runweave-hook-bridge.cjs","378","property"
"RUNWEAVE_COMPLETION_HOOK_ENDPOINT","electron/resources/hooks/runweave-hook-bridge.cjs","378","property"
"RUNWEAVE_COMPLETION_HOOK_ENDPOINT","packages/agent-bridge/hooks/runweave-hook-bridge.cjs","378","property"
"RUNWEAVE_COMPLETION_HOOK_ENDPOINT","scripts/dev/web.mjs","23","dynamic-key-candidate"
"RUNWEAVE_CONFIG_FILE","backend/src/terminal/runtime/environment.ts","51","property"
"RUNWEAVE_CONFIG_FILE","electron/src/backend/packaged/auth.ts","236","property"
"RUNWEAVE_CONFIG_FILE","electron/src/backend/packaged/auth.ts","340","property"
"RUNWEAVE_CONFIG_FILE","electron/src/backend/packaged/controller.ts","122","property"
"RUNWEAVE_CONFIG_FILE","electron/src/desktop/config.ts","98","property"
"RUNWEAVE_CONFIG_FILE","packages/runweave-cli/src/config/profile-store.ts","42","property"
"RUNWEAVE_CONFIG_FILE","scripts/update/context.mjs","36","dynamic-key-candidate"
"RUNWEAVE_DESKTOP_CDP_PORT","electron/scripts/bundle.mjs","42","property"
"RUNWEAVE_DESKTOP_CDP_PORT","electron/src/desktop/config.ts","35","property"
"RUNWEAVE_DESKTOP_CDP_PORT","scripts/update/operations.mjs","133","property"
"RUNWEAVE_DESKTOP_CHANNEL","backend/src/auth/config.ts","57","property"
"RUNWEAVE_DESKTOP_CHANNEL","backend/src/bootstrap/runtime-services.ts","106","property"
"RUNWEAVE_DESKTOP_CHANNEL","backend/src/bootstrap/runtime-services.ts","107","property"
"RUNWEAVE_DESKTOP_CHANNEL","backend/src/bootstrap/runtime-services.ts","108","property"
"RUNWEAVE_DESKTOP_CHANNEL","backend/src/experience/storage.ts","22","property"
"RUNWEAVE_DESKTOP_CHANNEL","backend/src/experience/storage.ts","24","property"
"RUNWEAVE_DESKTOP_CHANNEL","backend/src/routes/activity/index.ts","60","property"
"RUNWEAVE_DESKTOP_CHANNEL","backend/src/terminal/runtime/environment.ts","52","property"
"RUNWEAVE_DESKTOP_CHANNEL","backend/src/tunnels/read-model.ts","57","property"
"RUNWEAVE_DESKTOP_CHANNEL","electron/scripts/bundle.mjs","24","property"
"RUNWEAVE_DESKTOP_CHANNEL","electron/src/desktop/config.ts","57","property"
"RUNWEAVE_DESKTOP_CHANNEL","scripts/dev/web.mjs","24","dynamic-key-candidate"
"RUNWEAVE_DESKTOP_CHANNEL","scripts/update/context.mjs","8","property"
"RUNWEAVE_DESKTOP_CHANNEL","scripts/update/context.mjs","37","dynamic-key-candidate"
"RUNWEAVE_DESKTOP_INSTANCE_ID","backend/src/activity/runtime.ts","39","property"
"RUNWEAVE_DESKTOP_INSTANCE_ID","electron/scripts/bundle.mjs","30","property"
"RUNWEAVE_DESKTOP_INSTANCE_ID","electron/src/activity/emitter.ts","96","property"
"RUNWEAVE_DESKTOP_INSTANCE_ID","electron/src/backend/packaged/controller.ts","87","property"
"RUNWEAVE_DESKTOP_INSTANCE_ID","electron/src/desktop/config.ts","24","property"
"RUNWEAVE_DESKTOP_INSTANCE_ID","electron/src/desktop/config.ts","41","property"
"RUNWEAVE_DESKTOP_INSTANCE_ID","electron/src/main.ts","368","property"
"RUNWEAVE_DESKTOP_INSTANCE_ID","electron/src/monitoring/runtime-status.ts","18","property"
"RUNWEAVE_DESKTOP_INSTANCE_ID","scripts/update/context.mjs","12","property"
"RUNWEAVE_DESKTOP_INSTANCE_ID","scripts/update/core.mjs","193","property"
"RUNWEAVE_DESKTOP_INSTANCE_ID","scripts/update/index.mjs","82","property"
"RUNWEAVE_DESKTOP_SOURCE_REVISION","electron/scripts/bundle.mjs","27","property"
"RUNWEAVE_DESKTOP_STATE_DIR","backend/src/tunnels/read-model.ts","34","property"
"RUNWEAVE_DESKTOP_STATE_DIR","electron/src/desktop/config.ts","75","property"
"RUNWEAVE_DESKTOP_STATUS_PATH","electron/scripts/bundle.mjs","39","property"
"RUNWEAVE_DESKTOP_STATUS_PATH","electron/src/backend/packaged/controller.ts","57","property"
"RUNWEAVE_DESKTOP_STATUS_PATH","electron/src/desktop/config.ts","47","property"
"RUNWEAVE_DESKTOP_STATUS_PATH","electron/src/desktop/config.ts","48","property"
"RUNWEAVE_DESKTOP_STATUS_PATH","scripts/update/operations.mjs","134","property"
"RUNWEAVE_DESKTOP_USER_DATA_DIR","electron/scripts/bundle.mjs","36","property"
"RUNWEAVE_DESKTOP_USER_DATA_DIR","electron/src/desktop/config.ts","27","property"
"RUNWEAVE_DESKTOP_USER_DATA_DIR","electron/src/desktop/config.ts","61","property"
"RUNWEAVE_DESKTOP_USER_DATA_DIR","electron/src/desktop/local-state.ts","17","property"
"RUNWEAVE_DEV_ALLOW_PARENT_PROFILE","scripts/dev/web.mjs","53","supplemental-literal"
"RUNWEAVE_DEV_BROWSER_PROFILE_DIR","scripts/dev-session/services/dedicated.mjs","165","supplemental-literal"
"RUNWEAVE_DEV_BROWSER_PROFILE_DIR","scripts/dev/web.mjs","44","supplemental-literal"
"RUNWEAVE_DEV_BROWSER_PROFILE_DIR","scripts/evolution/verify-repository-startup.mjs","25","supplemental-literal"
"RUNWEAVE_DEV_BROWSER_PROFILE_DIR","scripts/verify/backend/runtime-lifecycle.ts","34","supplemental-literal"
"RUNWEAVE_DEV_SESSION_HOME","backend/src/agent-team/fixtures/dev-session-registry.ts","29","property"
"RUNWEAVE_DEV_SESSION_HOME","backend/src/terminal/workspace-service/worktree-deletion.ts","189","property"
"RUNWEAVE_DEV_SESSION_HOME","scripts/dev-session/beta-pool/recovery/retained-state.mjs","65","property"
"RUNWEAVE_DEV_SESSION_HOME","scripts/dev-session/registry.mjs","25","property"
"RUNWEAVE_DEV_SESSION_HOME","scripts/dev-session/verify/registry.mjs","148","property"
"RUNWEAVE_DEV_SESSION_HOME","scripts/dev-session/verify/registry.mjs","167","property"
"RUNWEAVE_DEV_SESSION_HOME","scripts/dev-session/verify/registry.mjs","173","property"
"RUNWEAVE_DEV_SESSION_HOME","scripts/dev-session/verify/registry.mjs","183","property"
"RUNWEAVE_DEV_SESSION_HOME","scripts/dev-session/verify/registry.mjs","193","property"
"RUNWEAVE_DEV_SESSION_HOME","scripts/dev-session/verify/registry.mjs","204","property"
"RUNWEAVE_DEV_SESSION_HOME","scripts/dev-session/verify/registry.mjs","209","property"
"RUNWEAVE_DEV_SESSION_HOME","scripts/dev-session/verify/registry.mjs","219","property"
"RUNWEAVE_DEV_SESSION_HOME","scripts/dev-session/verify/registry.mjs","227","property"
"RUNWEAVE_DEV_SESSION_HOME","scripts/dev-session/verify/registry.mjs","291","property"
"RUNWEAVE_DEV_SESSION_ID","app-server/src/config.ts","48","property"
"RUNWEAVE_DEV_SESSION_ID","backend/src/index.ts","474","property"
"RUNWEAVE_DEV_SESSION_ID","backend/src/server/health.ts","18","property"
"RUNWEAVE_DEV_SESSION_ID","backend/src/server/health.ts","19","property"
"RUNWEAVE_DEV_SESSION_ID","backend/src/tunnels/read-model.ts","51","property"
"RUNWEAVE_DEV_SESSION_ID","electron/scripts/bundle.mjs","33","property"
"RUNWEAVE_DEV_SESSION_ID","electron/src/backend/health-auth.ts","74","property"
"RUNWEAVE_DEV_SESSION_ID","electron/src/backend/health-auth.ts","79","property"
"RUNWEAVE_DEV_SESSION_ID","electron/src/backend/packaged/controller.ts","88","property"
"RUNWEAVE_DEV_SESSION_ID","electron/src/companion/preferences.ts","14","property"
"RUNWEAVE_DEV_SESSION_ID","electron/src/desktop/config.ts","30","property"
"RUNWEAVE_DEV_SESSION_ID","electron/src/desktop/config.ts","43","property"
"RUNWEAVE_DEV_SESSION_ID","electron/src/desktop/config.ts","44","property"
"RUNWEAVE_DEV_SESSION_ID","electron/src/desktop/config.ts","73","property"
"RUNWEAVE_DEV_SESSION_ID","electron/src/desktop/local-state.ts","25","property"
"RUNWEAVE_DEV_SESSION_ID","electron/src/main.ts","369","property"
"RUNWEAVE_DEV_SESSION_ID","scripts/dev-session/registry.mjs","287","property"
"RUNWEAVE_DEV_SESSION_ID","scripts/update/operations.mjs","345","property"
"RUNWEAVE_DEV_URL","electron/src/desktop/config.ts","133","property"
"RUNWEAVE_DEV_URL","scripts/dev/web.mjs","12","dynamic-key-candidate"
"RUNWEAVE_E2E_TEST_ROUTES","backend/src/index.ts","209","property"
"RUNWEAVE_ELECTRON_APP_ID","scripts/electron/dist-retry.mjs","317","property"
"RUNWEAVE_ELECTRON_APP_ID","scripts/electron/dist-retry.mjs","318","property"
"RUNWEAVE_ELECTRON_BUILD_ROOT","scripts/electron/dist-retry.mjs","332","property"
"RUNWEAVE_ELECTRON_BUILD_ROOT","scripts/update/operations.mjs","547","property"
"RUNWEAVE_ELECTRON_BUILD_VERSION","electron/scripts/build-companion-agent.mjs","44","property"
"RUNWEAVE_ELECTRON_BUILD_VERSION","scripts/electron/dist-retry.mjs","306","property"
"RUNWEAVE_ELECTRON_BUILD_VERSION","scripts/electron/dist-retry.mjs","308","property"
"RUNWEAVE_ELECTRON_BUILD_VERSION","scripts/electron/dist-retry.mjs","309","property"
"RUNWEAVE_ELECTRON_BUILDER_CONFIG","scripts/update/context.mjs","17","property"
"RUNWEAVE_ELECTRON_BUILDER_CONFIG","scripts/update/context.mjs","38","dynamic-key-candidate"
"RUNWEAVE_ELECTRON_BUNDLE_OUTDIR","electron/scripts/bundle.mjs","11","property"
"RUNWEAVE_ELECTRON_DOCK_ICON_PATH","electron/src/desktop/config.ts","143","property"
"RUNWEAVE_ELECTRON_DOCK_ICON_PATH","electron/src/desktop/config.ts","144","property"
"RUNWEAVE_ELECTRON_PRELOAD_PATH","electron/src/desktop/config.ts","140","property"
"RUNWEAVE_ELECTRON_PRELOAD_PATH","electron/src/desktop/config.ts","141","property"
"RUNWEAVE_ELECTRON_RESOURCES_DIR","electron/src/main.ts","354","property"
"RUNWEAVE_ELECTRON_RESOURCES_DIR","electron/src/main.ts","355","property"
"RUNWEAVE_EVOLUTION_HOME","backend/src/utils/path.ts","74","property"
"RUNWEAVE_EVOLUTION_MCP_TOKEN","backend/src/evolution/providers/process-runner.ts","104","property"
"RUNWEAVE_EVOLUTION_TEST_MODE","backend/src/utils/path.ts","73","property"
"RUNWEAVE_EVOLUTION_WORKER_ENTRY","backend/src/evolution/storage/store.ts","54","property"
"RUNWEAVE_EVOLUTION_WORKER_ENTRY","scripts/release/backend-start.mjs","26","property"
"RUNWEAVE_EXPECTED_BACKEND_ID","electron/src/backend/packaged/controller.ts","348","property"
"RUNWEAVE_EXPERIENCE_HOME","backend/src/experience/storage.ts","30","property"
"RUNWEAVE_EXPERIENCE_HOME","backend/src/experience/storage.ts","31","property"
"RUNWEAVE_EXPERIENCE_LEARNING","backend/src/experience/bootstrap.ts","14","property"
"RUNWEAVE_EXPERIENCE_LEARNING","backend/src/experience/bootstrap.ts","16","property"
"RUNWEAVE_EXPERIENCE_NAMESPACE","backend/src/experience/storage.ts","19","property"
"RUNWEAVE_EXPERIENCE_TEST_MODE","backend/src/bootstrap/knowledge-inbox.ts","30","property"
"RUNWEAVE_EXPERIENCE_TEST_MODE","backend/src/experience/storage.ts","20","property"
"RUNWEAVE_EXPERIENCE_TEST_MODE","backend/src/experience/storage.ts","30","property"
"RUNWEAVE_FEISHU_STATE_DIR","packages/runweave-cli/src/feishu/state-store.ts","71","property"
"RUNWEAVE_HOOK_DEBUG_LOG","backend/src/bootstrap/runtime-services.ts","228","property"
"RUNWEAVE_HOOK_DEBUG_LOG","backend/src/terminal/runtime/environment.ts","47","property"
"RUNWEAVE_HOOK_DEBUG_LOG","electron/resources/hooks/pi/bridge/runweave-hook-bridge.cjs","50","property"
"RUNWEAVE_HOOK_DEBUG_LOG","electron/resources/hooks/runweave-hook-bridge.cjs","50","property"
"RUNWEAVE_HOOK_DEBUG_LOG","packages/agent-bridge/hooks/runweave-hook-bridge.cjs","50","property"
"RUNWEAVE_HOOK_DEBUG_LOG","scripts/dev/web.mjs","25","dynamic-key-candidate"
"RUNWEAVE_HOOK_ENDPOINT","backend/src/bootstrap/runtime-status.ts","15","property"
"RUNWEAVE_HOOK_ENDPOINT","backend/src/terminal/runtime/environment.ts","44","property"
"RUNWEAVE_HOOK_ENDPOINT","electron/resources/hooks/pi/bridge/runweave-hook-bridge.cjs","375","property"
"RUNWEAVE_HOOK_ENDPOINT","electron/resources/hooks/runweave-hook-bridge.cjs","375","property"
"RUNWEAVE_HOOK_ENDPOINT","packages/agent-bridge/hooks/runweave-hook-bridge.cjs","375","property"
"RUNWEAVE_HOOK_ENDPOINT","scripts/dev/web.mjs","26","dynamic-key-candidate"
"RUNWEAVE_HOOK_NODE","electron/resources/hooks/feishu_stop_notify.sh","221","supplemental-literal"
"RUNWEAVE_HOOK_NODE","electron/resources/hooks/pi/bridge/feishu_stop_notify.sh","221","supplemental-literal"
"RUNWEAVE_HOOK_NODE","electron/resources/hooks/pi/bridge/runweave-hook-bridge.cjs","171","supplemental-literal"
"RUNWEAVE_HOOK_NODE","electron/resources/hooks/runweave-hook-bridge.cjs","171","supplemental-literal"
"RUNWEAVE_HOOK_NODE","packages/agent-bridge/hooks/feishu_stop_notify.sh","221","supplemental-literal"
"RUNWEAVE_HOOK_NODE","packages/agent-bridge/hooks/runweave-hook-bridge.cjs","171","supplemental-literal"
"RUNWEAVE_HOOK_NODE","plugins/toolkit/hooks/feishu_stop_notify.sh","221","supplemental-literal"
"RUNWEAVE_HOOK_NODE","plugins/toolkit/hooks/runweave-hook-bridge.cjs","171","supplemental-literal"
"RUNWEAVE_HOOK_SOURCE","electron/resources/hooks/runweave-hook-dispatch.cjs","55","property"
"RUNWEAVE_HOOK_SUPPRESS_DESKTOP_NOTIFY","electron/resources/hooks/pi/bridge/runweave-hook-bridge.cjs","125","property"
"RUNWEAVE_HOOK_SUPPRESS_DESKTOP_NOTIFY","electron/resources/hooks/runweave-hook-bridge.cjs","125","property"
"RUNWEAVE_HOOK_SUPPRESS_DESKTOP_NOTIFY","packages/agent-bridge/hooks/runweave-hook-bridge.cjs","125","property"
"RUNWEAVE_HOOK_SUPPRESS_FEISHU_NOTIFY","electron/resources/hooks/pi/bridge/runweave-hook-bridge.cjs","162","property"
"RUNWEAVE_HOOK_SUPPRESS_FEISHU_NOTIFY","electron/resources/hooks/runweave-hook-bridge.cjs","162","property"
"RUNWEAVE_HOOK_SUPPRESS_FEISHU_NOTIFY","packages/agent-bridge/hooks/runweave-hook-bridge.cjs","162","property"
"RUNWEAVE_HOOK_TOKEN","backend/src/bootstrap/runtime-services.ts","71","property"
"RUNWEAVE_HOOK_TOKEN","backend/src/bootstrap/runtime-services.ts","224","property"
"RUNWEAVE_HOOK_TOKEN","backend/src/index.ts","178","property"
"RUNWEAVE_HOOK_TOKEN","backend/src/index.ts","188","property"
"RUNWEAVE_HOOK_TOKEN","backend/src/index.ts","196","property"
"RUNWEAVE_HOOK_TOKEN","backend/src/remote/routes.ts","65","property"
"RUNWEAVE_HOOK_TOKEN","backend/src/routes/terminal/sessions/helpers.ts","78","property"
"RUNWEAVE_HOOK_TOKEN","backend/src/scheduled-tasks/providers/codex.ts","208","dynamic-key-candidate"
"RUNWEAVE_HOOK_TOKEN","backend/src/terminal/runtime/environment.ts","48","property"
"RUNWEAVE_HOOK_TOKEN","electron/resources/hooks/pi/bridge/runweave-hook-bridge.cjs","380","property"
"RUNWEAVE_HOOK_TOKEN","electron/resources/hooks/runweave-hook-bridge.cjs","380","property"
"RUNWEAVE_HOOK_TOKEN","packages/agent-bridge/hooks/runweave-hook-bridge.cjs","380","property"
"RUNWEAVE_HOOK_TOKEN","scripts/dev/web.mjs","27","dynamic-key-candidate"
"RUNWEAVE_IN_PROMPT_COMMAND","backend/src/terminal/runtime/shell-integration.ts","257","supplemental-literal"
"RUNWEAVE_IN_PROMPT_COMMAND","backend/src/terminal/runtime/shell-integration.ts","268","supplemental-literal"
"RUNWEAVE_IN_PROMPT_COMMAND","backend/src/terminal/runtime/shell-integration.ts","272","supplemental-literal"
"RUNWEAVE_ISOLATED_FRONTEND_DIST","electron/scripts/adhoc-sign-mac.js","30","property"
"RUNWEAVE_KEEP_ACTIVITY_VERIFY","scripts/verify/activity/foundation.ts","484","property"
"RUNWEAVE_KEEP_REPOSITORY_FIXTURE","scripts/evolution/verify-repository-identity.mjs","542","property"
"RUNWEAVE_LAST_COMMAND","backend/src/terminal/runtime/shell-integration.ts","261","supplemental-literal"
"RUNWEAVE_LAST_COMMAND","backend/src/terminal/runtime/shell-integration.ts","264","supplemental-literal"
"RUNWEAVE_LAST_COMMAND","backend/src/terminal/runtime/shell-integration.ts","269","supplemental-literal"
"RUNWEAVE_LAST_COMMAND","backend/src/terminal/runtime/shell-integration.ts","279","supplemental-literal"
"RUNWEAVE_LAST_COMMAND","backend/src/terminal/tmux/internals.ts","39","supplemental-literal"
"RUNWEAVE_LOCAL_UPDATE_APP_NAME","scripts/electron/dist-retry.mjs","312","property"
"RUNWEAVE_LOCAL_UPDATE_APP_NAME","scripts/electron/dist-retry.mjs","314","property"
"RUNWEAVE_LOCAL_UPDATE_APP_NAME","scripts/electron/local-update.mjs","12","property"
"RUNWEAVE_LOCAL_UPDATE_APP_NAME","scripts/update/context.mjs","10","property"
"RUNWEAVE_LOCAL_UPDATE_APP_NAME","scripts/update/context.mjs","39","dynamic-key-candidate"
"RUNWEAVE_LOCAL_UPDATE_APP_PATH","scripts/electron/local-update.mjs","14","property"
"RUNWEAVE_LOCAL_UPDATE_SOURCE_APP_PATH","scripts/electron/local-update.mjs","16","property"
"RUNWEAVE_LOCAL_UPDATES_HOST","scripts/electron/serve-local-updates.mjs","8","property"
"RUNWEAVE_LOCAL_UPDATES_PORT","scripts/electron/serve-local-updates.mjs","12","property"
"RUNWEAVE_LOCAL_UPDATES_URL","electron/src/updater/index.ts","19","property"
"RUNWEAVE_LOCAL_UPDATES_URL","scripts/electron/local-update.mjs","25","property"
"RUNWEAVE_LOG_LEVEL","backend/src/logging/logger.ts","60","property"
"RUNWEAVE_LOG_TO_FILE","backend/src/logging/logger.ts","64","property"
"RUNWEAVE_MANAGES_PACKAGED_BACKEND","electron/src/backend/packaged/controller.ts","430","property"
"RUNWEAVE_MANAGES_PACKAGED_BACKEND","electron/src/desktop/config.ts","129","property"
"RUNWEAVE_MANAGES_PACKAGED_BACKEND","electron/src/desktop/config.ts","130","property"
"RUNWEAVE_MANAGES_PACKAGED_BACKEND","electron/src/monitoring/runtime-status.ts","223","property"
"RUNWEAVE_MANAGES_PACKAGED_BACKEND","electron/src/preload.ts","129","property"
"RUNWEAVE_MANAGES_PACKAGED_BACKEND","scripts/dev/web.mjs","14","dynamic-key-candidate"
"RUNWEAVE_MANAGES_PACKAGED_BACKEND","scripts/update/operations.mjs","346","property"
"RUNWEAVE_NODE_PTY_DIR","backend/src/terminal/runtime/node-pty-path.ts","5","property"
"RUNWEAVE_NODE_PTY_DIR","scripts/dev/web.mjs","15","dynamic-key-candidate"
"RUNWEAVE_NODE_PTY_DIR","scripts/release/backend-start.mjs","44","property"
"RUNWEAVE_ORIGINAL_ZDOTDIR","backend/src/terminal/runtime/shell-integration.ts","26","property"
"RUNWEAVE_PROBE_PASSWORD","packages/app-ios/ios/Diagnostics/TerminalProbe.swift","131","native/script"
"RUNWEAVE_PROBE_USERNAME","packages/app-ios/ios/Diagnostics/TerminalProbe.swift","129","native/script"
"RUNWEAVE_PROJECT_ID","electron/resources/hooks/pi/bridge/runweave-hook-bridge.cjs","181","property"
"RUNWEAVE_PROJECT_ID","electron/resources/hooks/pi/bridge/runweave-hook-bridge.cjs","228","property"
"RUNWEAVE_PROJECT_ID","electron/resources/hooks/pi/bridge/runweave-hook-bridge.cjs","392","property"
"RUNWEAVE_PROJECT_ID","electron/resources/hooks/pi/bridge/runweave-hook-payload.cjs","461","property"
"RUNWEAVE_PROJECT_ID","electron/resources/hooks/runweave-hook-bridge.cjs","181","property"
"RUNWEAVE_PROJECT_ID","electron/resources/hooks/runweave-hook-bridge.cjs","228","property"
"RUNWEAVE_PROJECT_ID","electron/resources/hooks/runweave-hook-bridge.cjs","392","property"
"RUNWEAVE_PROJECT_ID","electron/resources/hooks/runweave-hook-payload.cjs","461","property"
"RUNWEAVE_PROJECT_ID","packages/agent-bridge/hooks/runweave-hook-bridge.cjs","181","property"
"RUNWEAVE_PROJECT_ID","packages/agent-bridge/hooks/runweave-hook-bridge.cjs","228","property"
"RUNWEAVE_PROJECT_ID","packages/agent-bridge/hooks/runweave-hook-bridge.cjs","392","property"
"RUNWEAVE_PROJECT_ID","packages/agent-bridge/hooks/runweave-hook-payload.cjs","461","property"
"RUNWEAVE_PROJECT_ID","scripts/dev/web.mjs","28","dynamic-key-candidate"
"RUNWEAVE_PROJECT_ID","scripts/verify/terminal/workspace-services.mjs","80","property"
"RUNWEAVE_PUSH_GATEWAY_URL","backend/src/device-monitor/push-client.ts","39","property"
"RUNWEAVE_PUSH_SENDER_TOKEN","backend/src/device-monitor/push-client.ts","40","property"
"RUNWEAVE_PUSH_SENDER_TOKEN","backend/src/scheduled-tasks/providers/codex.ts","209","dynamic-key-candidate"
"RUNWEAVE_RENDERER_DIST_DIR","electron/src/desktop/config.ts","137","property"
"RUNWEAVE_RENDERER_DIST_DIR","electron/src/desktop/config.ts","138","property"
"RUNWEAVE_RESOURCE_NAMESPACE","backend/src/server/health.ts","24","property"
"RUNWEAVE_RESOURCE_NAMESPACE","backend/src/server/health.ts","25","property"
"RUNWEAVE_RUN_ID","packages/app-ios/scripts/device/runner/BatchRunner.swift","45","native/script"
"RUNWEAVE_RUNTIME_ARTIFACTS_ROOT","scripts/release/build-runtime.mjs","17","property"
"RUNWEAVE_RUNTIME_ARTIFACTS_ROOT","scripts/update/operations.mjs","435","property"
"RUNWEAVE_RUNTIME_BUILD_ROOT","scripts/release/build-runtime.mjs","80","property"
"RUNWEAVE_RUNTIME_HOME","scripts/install/runtime.mjs","365","property"
"RUNWEAVE_RUNTIME_HOME","scripts/update/context.mjs","40","dynamic-key-candidate"
"RUNWEAVE_RUNTIME_HOME","scripts/update/index.mjs","53","property"
"RUNWEAVE_RUNTIME_HOME","scripts/update/operations.mjs","135","property"
"RUNWEAVE_RUNTIME_RELEASE_ID","backend/src/activity/runtime.ts","47","property"
"RUNWEAVE_RUNTIME_RELEASE_ID","backend/src/activity/runtime.ts","51","property"
"RUNWEAVE_RUNTIME_RELEASE_ID","backend/src/activity/runtime.ts","78","property"
"RUNWEAVE_RUNTIME_RELEASE_ID","backend/src/auth/config.ts","34","property"
"RUNWEAVE_RUNTIME_RELEASE_ID","backend/src/index.ts","478","property"
"RUNWEAVE_RUNTIME_RELEASE_ID","backend/src/index.ts","563","property"
"RUNWEAVE_RUNTIME_RELEASE_ID","backend/src/routes/activity/index.ts","89","property"
"RUNWEAVE_RUNTIME_RELEASE_ID","backend/src/routes/activity/index.ts","98","property"
"RUNWEAVE_RUNTIME_RELEASE_ID","backend/src/routes/activity/index.ts","99","property"
"RUNWEAVE_RUNTIME_RELEASE_ID","backend/src/server/health.ts","7","property"
"RUNWEAVE_RUNTIME_RELEASE_ID","scripts/dev/web.mjs","29","dynamic-key-candidate"
"RUNWEAVE_SCHEDULED_TASK_MAX_OUTPUT_BYTES","backend/src/scheduled-tasks/bootstrap.ts","34","property"
"RUNWEAVE_SCHEDULED_TASK_RUN_ID","backend/src/scheduled-tasks/providers/codex.ts","202","supplemental-literal"
"RUNWEAVE_SCHEDULED_TASK_TIMEOUT_MS","backend/src/scheduled-tasks/bootstrap.ts","30","property"
"RUNWEAVE_SCHEDULED_TASKS_ENABLED","backend/src/scheduled-tasks/bootstrap.ts","28","property"
"RUNWEAVE_SCHEDULED_TASKS_HOME","backend/src/utils/path.ts","53","property"
"RUNWEAVE_SCHEDULED_TASKS_WORKER_ENTRY","backend/src/scheduled-tasks/storage/store.ts","228","property"
"RUNWEAVE_SCHEDULED_TASKS_WORKER_ENTRY","scripts/release/backend-start.mjs","30","property"
"RUNWEAVE_SERVICE_HOST","backend/src/terminal/workspace-service/environment.ts","37","supplemental-literal"
"RUNWEAVE_SERVICE_INSTANCE_ID","app-server/src/config.ts","47","property"
"RUNWEAVE_SERVICE_NAME","backend/src/terminal/workspace-service/environment.ts","39","supplemental-literal"
"RUNWEAVE_SERVICE_PORT","scripts/verify/terminal/workspace-services.mjs","81","property"
"RUNWEAVE_SERVICE_PORT","scripts/verify/terminal/workspace-services.mjs","96","property"
"RUNWEAVE_SERVICE_URL","backend/src/terminal/workspace-service/environment.ts","41","supplemental-literal"
"RUNWEAVE_SHARED_APP_SERVER_LOCK_PATH","electron/src/backend/packaged/controller.ts","115","property"
"RUNWEAVE_SHARED_APP_SERVER_LOCK_PATH","scripts/beta/operations.mjs","142","dynamic-key-candidate"
"RUNWEAVE_SHARED_APP_SERVER_LOCK_PATH","scripts/dev-session/verify/beta-slot-pool.mjs","129","dynamic-key-candidate"
"RUNWEAVE_SHARED_APP_SERVER_PID","electron/src/backend/packaged/controller.ts","74","property"
"RUNWEAVE_SHARED_APP_SERVER_PID","scripts/beta/operations.mjs","143","dynamic-key-candidate"
"RUNWEAVE_SHARED_APP_SERVER_PID","scripts/dev-session/verify/beta-slot-pool.mjs","130","dynamic-key-candidate"
"RUNWEAVE_SHARED_BACKEND_PID","electron/src/backend/packaged/controller.ts","68","property"
"RUNWEAVE_SHARED_BACKEND_PID","electron/src/backend/packaged/controller.ts","339","property"
"RUNWEAVE_SHARED_BACKEND_PROFILE_DIR","electron/src/backend/packaged/controller.ts","106","property"
"RUNWEAVE_SHARED_BACKEND_PROFILE_DIR","electron/src/backend/packaged/controller.ts","337","property"
"RUNWEAVE_SHELL_VERSION","scripts/install/runtime.mjs","369","property"
"RUNWEAVE_SKIP_ELECTRON_VERSION_BUMP","scripts/electron/dist-retry.mjs","343","property"
"RUNWEAVE_SKIP_TOOLKIT_PLUGIN_SYNC","scripts/toolkit/sync.mjs","45","property"
"RUNWEAVE_SNAPSHOT_HOST_DIR","backend/src/snapshot-share-host.ts","11","property"
"RUNWEAVE_SNAPSHOT_HOST_PORT","backend/src/snapshot-share-host.ts","12","property"
"RUNWEAVE_SNAPSHOT_PUBLISH_TOKEN","backend/src/terminal/snapshot-share/publisher.ts","23","property"
"RUNWEAVE_SNAPSHOT_PUBLISH_URL","backend/src/terminal/snapshot-share/publisher.ts","22","property"
"RUNWEAVE_SNAPSHOT_UPLOAD_TOKEN","backend/src/scheduled-tasks/providers/codex.ts","210","dynamic-key-candidate"
"RUNWEAVE_SNAPSHOT_UPLOAD_TOKEN","backend/src/snapshot-share-host.ts","10","property"
"RUNWEAVE_SOURCE_REVISION","app-server/src/config.ts","49","property"
"RUNWEAVE_SOURCE_REVISION","backend/src/server/health.ts","21","property"
"RUNWEAVE_SOURCE_REVISION","backend/src/server/health.ts","22","property"
"RUNWEAVE_SOURCE_REVISION","electron/src/backend/packaged/controller.ts","349","property"
"RUNWEAVE_SOURCE_REVISION","electron/src/desktop/config.ts","46","property"
"RUNWEAVE_TERMINAL_AGENT_OPERATION_ID","backend/src/scheduled-tasks/providers/codex.ts","213","dynamic-key-candidate"
"RUNWEAVE_TERMINAL_AGENT_OPERATION_ID","electron/resources/hooks/pi/bridge/runweave-hook-bridge.cjs","489","property"
"RUNWEAVE_TERMINAL_AGENT_OPERATION_ID","electron/resources/hooks/pi/bridge/runweave-hook-payload.cjs","429","property"
"RUNWEAVE_TERMINAL_AGENT_OPERATION_ID","electron/resources/hooks/pi/bridge/runweave-hook-payload.cjs","484","property"
"RUNWEAVE_TERMINAL_AGENT_OPERATION_ID","electron/resources/hooks/pi/runweave.js","92","property"
"RUNWEAVE_TERMINAL_AGENT_OPERATION_ID","electron/resources/hooks/runweave-hook-bridge.cjs","489","property"
"RUNWEAVE_TERMINAL_AGENT_OPERATION_ID","electron/resources/hooks/runweave-hook-payload.cjs","429","property"
"RUNWEAVE_TERMINAL_AGENT_OPERATION_ID","electron/resources/hooks/runweave-hook-payload.cjs","484","property"
"RUNWEAVE_TERMINAL_AGENT_OPERATION_ID","packages/agent-bridge/hooks/runweave-hook-bridge.cjs","489","property"
"RUNWEAVE_TERMINAL_AGENT_OPERATION_ID","packages/agent-bridge/hooks/runweave-hook-payload.cjs","429","property"
"RUNWEAVE_TERMINAL_AGENT_OPERATION_ID","packages/agent-bridge/hooks/runweave-hook-payload.cjs","484","property"
"RUNWEAVE_TERMINAL_BROWSER_CDP_PROXY_PORT","electron/scripts/bundle.mjs","45","property"
"RUNWEAVE_TERMINAL_BROWSER_CDP_PROXY_PORT","electron/src/browser/cdp/proxy/port.ts","14","property"
"RUNWEAVE_TERMINAL_BROWSER_CDP_PROXY_PORT","electron/src/desktop/config.ts","50","property"
"RUNWEAVE_TERMINAL_BROWSER_CDP_PROXY_PORT","electron/src/desktop/config.ts","51","property"
"RUNWEAVE_TERMINAL_PANEL_ID","backend/src/scheduled-tasks/providers/codex.ts","212","dynamic-key-candidate"
"RUNWEAVE_TERMINAL_PANEL_ID","electron/resources/hooks/pi/bridge/runweave-hook-bridge.cjs","320","property"
"RUNWEAVE_TERMINAL_PANEL_ID","electron/resources/hooks/pi/bridge/runweave-hook-bridge.cjs","322","property"
"RUNWEAVE_TERMINAL_PANEL_ID","electron/resources/hooks/pi/bridge/runweave-hook-bridge.cjs","382","property"
"RUNWEAVE_TERMINAL_PANEL_ID","electron/resources/hooks/pi/bridge/runweave-hook-payload.cjs","430","property"
"RUNWEAVE_TERMINAL_PANEL_ID","electron/resources/hooks/pi/bridge/runweave-hook-payload.cjs","451","property"
"RUNWEAVE_TERMINAL_PANEL_ID","electron/resources/hooks/pi/runweave.js","228","property"
"RUNWEAVE_TERMINAL_PANEL_ID","electron/resources/hooks/runweave-hook-bridge.cjs","320","property"
"RUNWEAVE_TERMINAL_PANEL_ID","electron/resources/hooks/runweave-hook-bridge.cjs","322","property"
"RUNWEAVE_TERMINAL_PANEL_ID","electron/resources/hooks/runweave-hook-bridge.cjs","382","property"
"RUNWEAVE_TERMINAL_PANEL_ID","electron/resources/hooks/runweave-hook-payload.cjs","430","property"
"RUNWEAVE_TERMINAL_PANEL_ID","electron/resources/hooks/runweave-hook-payload.cjs","451","property"
"RUNWEAVE_TERMINAL_PANEL_ID","packages/agent-bridge/hooks/runweave-hook-bridge.cjs","320","property"
"RUNWEAVE_TERMINAL_PANEL_ID","packages/agent-bridge/hooks/runweave-hook-bridge.cjs","322","property"
"RUNWEAVE_TERMINAL_PANEL_ID","packages/agent-bridge/hooks/runweave-hook-bridge.cjs","382","property"
"RUNWEAVE_TERMINAL_PANEL_ID","packages/agent-bridge/hooks/runweave-hook-payload.cjs","430","property"
"RUNWEAVE_TERMINAL_PANEL_ID","packages/agent-bridge/hooks/runweave-hook-payload.cjs","451","property"
"RUNWEAVE_TERMINAL_PANEL_ID","scripts/dev-session/fixtures/scope.mjs","24","property"
"RUNWEAVE_TERMINAL_PANEL_ID","scripts/dev-session/fixtures/scope.mjs","93","property"
"RUNWEAVE_TERMINAL_PANEL_ID","scripts/dev-session/fixtures/scope.mjs","225","property"
"RUNWEAVE_TERMINAL_SESSION_ID","backend/src/scheduled-tasks/providers/codex.ts","211","dynamic-key-candidate"
"RUNWEAVE_TERMINAL_SESSION_ID","electron/resources/hooks/pi/bridge/runweave-hook-bridge.cjs","381","property"
"RUNWEAVE_TERMINAL_SESSION_ID","electron/resources/hooks/pi/runweave.js","51","property"
"RUNWEAVE_TERMINAL_SESSION_ID","electron/resources/hooks/runweave-hook-bridge.cjs","381","property"
"RUNWEAVE_TERMINAL_SESSION_ID","packages/agent-bridge/hooks/runweave-hook-bridge.cjs","381","property"
"RUNWEAVE_TERMINAL_SESSION_ID","scripts/dev-session/cli.mjs","137","property"
"RUNWEAVE_TERMINAL_SESSION_ID","scripts/dev/web.mjs","30","dynamic-key-candidate"
"RUNWEAVE_TMUX_SESSION_NAME","backend/src/scheduled-tasks/providers/codex.ts","216","dynamic-key-candidate"
"RUNWEAVE_TMUX_SESSION_NAME","electron/resources/hooks/pi/bridge/runweave-hook-bridge.cjs","72","property"
"RUNWEAVE_TMUX_SESSION_NAME","electron/resources/hooks/runweave-hook-bridge.cjs","72","property"
"RUNWEAVE_TMUX_SESSION_NAME","packages/agent-bridge/hooks/runweave-hook-bridge.cjs","72","property"
"RUNWEAVE_TMUX_SESSION_NAME","scripts/dev/web.mjs","32","dynamic-key-candidate"
"RUNWEAVE_TOOLKIT_PLUGIN_ROOT","backend/src/terminal/runtime/environment.ts","43","property"
"RUNWEAVE_TOOLKIT_PLUGIN_ROOT","scripts/dev-session/verify/registry.mjs","563","property"
"RUNWEAVE_TOOLKIT_PLUGIN_ROOT","scripts/dev/web.mjs","31","dynamic-key-candidate"
"RUNWEAVE_TRAE_BIN","backend/src/evolution/providers/availability.ts","33","property"
"RUNWEAVE_TRAE_BIN","backend/src/evolution/providers/trae.ts","14","property"
"RUNWEAVE_TRAE_SESSIONS_DIR","app-server/src/trae/lifecycle-reader.ts","35","property"
"RUNWEAVE_TUNNEL_AUTH_SCOPE","backend/src/server/tunnel-auth.ts","169","property"
"RUNWEAVE_TUNNEL_AUTH_SCOPE","scripts/lib/backend-health-auth.mjs","26","property"
"RUNWEAVE_TUNNEL_COOKIE_NAME","backend/src/server/tunnel-auth.ts","167","property"
"RUNWEAVE_TUNNEL_TOKEN","backend/src/server/tunnel-auth.ts","160","property"
"RUNWEAVE_TUNNEL_TOKEN","scripts/lib/backend-health-auth.mjs","18","property"
"RUNWEAVE_UPDATE_STATE_PATH","scripts/update/context.mjs","41","dynamic-key-candidate"
"RUNWEAVE_UPDATE_STATE_PATH","scripts/update/index.mjs","59","property"
"RUNWEAVE_UPDATE_TARGET","scripts/update/context.mjs","5","property"
"RUNWEAVE_VERIFY_PANE_COMMAND","scripts/toolkit/verify/fixture.mjs","83","supplemental-literal"
"RUNWEAVE_VERIFY_PANE_COMMAND","scripts/toolkit/verify/index.mjs","462","supplemental-literal"
"RUNWEAVE_VERIFY_PROFILE_DIR","scripts/dev-session/verify/backend-profile-lock.mjs","36","supplemental-literal"
"RUNWEAVE_VERIFY_PROFILE_DIR","scripts/dev-session/verify/backend-profile-lock.mjs","91","supplemental-literal"
"RUNWEAVE_VERIFY_TMUX_FAIL","scripts/toolkit/verify/fixture.mjs","82","supplemental-literal"
"RUNWEAVE_VERIFY_TMUX_FAIL","scripts/toolkit/verify/helpers.mjs","171","supplemental-literal"
"RUNWEAVE_VOICE_TRANSCRIPTION_ACCEPT_LANGUAGE","backend/src/voice/transcription.ts","120","dynamic-key-candidate"
"RUNWEAVE_VOICE_TRANSCRIPTION_LANGUAGE","backend/src/voice/transcription.ts","58","dynamic-key-candidate"
"RUNWEAVE_VOICE_TRANSCRIPTION_PROMPT","backend/src/voice/transcription.ts","64","dynamic-key-candidate"
"RUNWEAVE_WHISTLE_PORTS","electron/scripts/bundle.mjs","22","property"
"RUNWEAVE_WHISTLE_PORTS","electron/src/browser/profile/endpoints.ts","10","property"
"RUNWEAVE_WHISTLE_PORTS","electron/src/desktop/config.ts","16","property"
"RUNWEAVE_WHISTLE_PORTS","electron/src/desktop/config.ts","17","property"
"RUNWEAVE_WHISTLE_PORTS","scripts/beta/operations.mjs","113","property"
"RUNWEAVE_WHISTLE_RUNTIME_DIR","electron/scripts/prepare-whistle-runtime.mjs","11","property"
"RUNWEAVE_WHISTLE_RUNTIME_DIR","electron/scripts/prepare-whistle-runtime.mjs","12","property"
"SHELL","backend/src/terminal/runtime/default-shell.ts","22","property"
"SHELL","scripts/update/cli.mjs","8","property"
"SSL_CERT_DIR","backend/src/evolution/providers/process-runner.ts","25","dynamic-allowlist"
"SSL_CERT_FILE","backend/src/evolution/providers/process-runner.ts","24","dynamic-allowlist"
"SUIJI_ACCESS_SECONDS","packages/suiji-server/src/config.ts","9","schema"
"SUIJI_AI_PROVIDER","deploy/suiji/entrypoint.mjs","45","property"
"SUIJI_AI_PROVIDER","packages/suiji-server/src/config.ts","15","schema"
"SUIJI_AI_TIMEOUT_SECONDS","packages/suiji-server/src/config.ts","18","schema"
"SUIJI_API_PASSWORD","deploy/suiji/init-db.sh","5","supplemental-literal"
"SUIJI_API_PASSWORD","deploy/suiji/init-db.sh","7","supplemental-literal"
"SUIJI_API_PASSWORD_FILE","deploy/suiji/release.mjs","125","dynamic-key-candidate"
"SUIJI_API_PASSWORD_FILE","deploy/suiji/release.mjs","134","dynamic-key-candidate"
"SUIJI_APP_VERSION","packages/suiji-server/src/config.ts","13","schema"
"SUIJI_CODEX_BIN","packages/suiji-server/src/config.ts","16","schema"
"SUIJI_CODEX_HOME","deploy/suiji/entrypoint.mjs","47","property"
"SUIJI_CODEX_HOME","packages/suiji-server/src/config.ts","17","schema"
"SUIJI_DATA_DIR","deploy/suiji/release.mjs","123","dynamic-key-candidate"
"SUIJI_DATA_DIR","deploy/suiji/release.mjs","131","property"
"SUIJI_DATA_DIR","deploy/suiji/release.mjs","315","property"
"SUIJI_DATA_DIR","deploy/suiji/release.mjs","391","property"
"SUIJI_DATA_DIR","deploy/suiji/release.mjs","438","property"
"SUIJI_DATA_DIR","deploy/suiji/release.mjs","506","property"
"SUIJI_DB_PASSWORD_FILE","deploy/suiji/release.mjs","124","dynamic-key-candidate"
"SUIJI_DB_PASSWORD_FILE","deploy/suiji/release.mjs","134","dynamic-key-candidate"
"SUIJI_HOST","packages/suiji-server/src/config.ts","7","schema"
"SUIJI_IMAGE","deploy/suiji/backup.mjs","85","property"
"SUIJI_IMAGE","deploy/suiji/release.mjs","153","property"
"SUIJI_IMAGE","deploy/suiji/release.mjs","154","property"
"SUIJI_IMAGE","deploy/suiji/release.mjs","155","property"
"SUIJI_LOGIN_ATTEMPTS","packages/suiji-server/src/config.ts","11","schema"
"SUIJI_LOGIN_WINDOW_SECONDS","packages/suiji-server/src/config.ts","12","schema"
"SUIJI_MCP_ENABLED","deploy/suiji/release.mjs","161","property"
"SUIJI_MCP_ENABLED","deploy/suiji/release.mjs","165","property"
"SUIJI_MCP_ENABLED","packages/suiji-server/src/config.ts","19","schema"
"SUIJI_MCP_TOKEN","packages/suiji-server/scripts/mcp-credential.ts","29","supplemental-literal"
"SUIJI_MCP_TOKEN_EXPIRES_AT","deploy/suiji/release.mjs","157","property"
"SUIJI_MCP_TOKEN_EXPIRES_AT","deploy/suiji/release.mjs","349","property"
"SUIJI_MCP_TOKEN_EXPIRES_AT","packages/suiji-server/src/config.ts","21","schema"
"SUIJI_MCP_TOKEN_SHA256","deploy/suiji/release.mjs","156","property"
"SUIJI_MCP_TOKEN_SHA256","deploy/suiji/release.mjs","349","property"
"SUIJI_MCP_TOKEN_SHA256","packages/suiji-server/src/config.ts","20","schema"
"SUIJI_PORT","packages/suiji-server/src/config.ts","8","schema"
"SUIJI_REFRESH_SECONDS","packages/suiji-server/src/config.ts","10","schema"
"SUIJI_REVIEW_TOKEN","packages/suiji-server/src/reviews/codex.ts","74","supplemental-literal"
"SUIJI_REVIEW_TOKEN","packages/suiji-server/src/reviews/codex.ts","124","supplemental-literal"
"SUIJI_REVISION","deploy/suiji/backup.mjs","86","property"
"SUIJI_REVISION","deploy/suiji/release.mjs","155","property"
"SUIJI_REVISION","deploy/suiji/release.mjs","364","property"
"SUIJI_STORAGE_DIR","packages/suiji-server/src/config.ts","6","schema"
"SUIJI_VERIFY_FOLLOWUP_RECORD_ID","packages/suiji-ios/scripts/check-mapping.mjs","9","property"
"SUIJI_VERIFY_REVIEW_ID","packages/suiji-ios/scripts/check-mapping.mjs","10","property"
"SUIJI_VERIFY_TOKEN","packages/suiji-ios/scripts/check-mapping.mjs","8","property"
"SUIJI_VERIFY_URL","packages/suiji-ios/scripts/check-mapping.mjs","7","property"
"SUIJI_WEB_ORIGINS","packages/suiji-server/src/config.ts","14","schema"
"TERM_PROGRAM","electron/src/hooks/hook-event.ts","89","property"
"TERMINAL_BROWSER_CDP_LOGS","electron/src/browser/cdp/proxy/logging.ts","4","property"
"TERMINAL_PERF_CANDIDATE","scripts/performance/terminal.mjs","85","property"
"TERMINAL_PERF_COMMIT","scripts/performance/terminal.mjs","94","property"
"TERMINAL_PERF_LOGS","backend/src/terminal/runtime/perf-logging.ts","6","property"
"TERMINAL_SESSION_STORE_FILE","backend/src/utils/path.ts","114","property"
"TERMINAL_TMUX_CLEANUP_ORPHANS","backend/src/bootstrap/runtime-services.ts","78","property"
"TERMINAL_TMUX_ENABLED","backend/src/terminal/tmux/process.ts","87","property"
"TERMINAL_TMUX_SCAN_ORPHANS_ON_START","backend/src/bootstrap/runtime-services.ts","77","property"
"TERMINAL_TMUX_SHUTDOWN_POLICY","backend/src/bootstrap/tmux-shutdown-policy.ts","7","property"
"TERMINAL_TMUX_SHUTDOWN_POLICY","scripts/verify/backend/runtime-lifecycle.ts","150","property"
"TERMINAL_TMUX_SHUTDOWN_POLICY","scripts/verify/backend/runtime-lifecycle.ts","233","property"
"TERMINAL_TMUX_SHUTDOWN_POLICY","scripts/verify/backend/runtime-lifecycle.ts","258","property"
"TERMINAL_TMUX_SHUTDOWN_POLICY","scripts/verify/backend/runtime-lifecycle.ts","276","property"
"TERMINAL_TMUX_SOCKET_PATH","backend/src/bootstrap/runtime-services.ts","236","property"
"TERMINAL_TMUX_SOCKET_PATH","scripts/verify/backend/runtime-lifecycle.ts","247","property"
"TERMINAL_TMUX_SOCKET_PATH","scripts/verify/backend/runtime-lifecycle.ts","278","property"
"TMPDIR","backend/src/evolution/providers/process-runner.ts","17","dynamic-allowlist"
"TMPDIR","electron/src/companion/agent.ts","48","dynamic-allowlist"
"TMPDIR","packages/suiji-server/src/reviews/codex.ts","91","dynamic-allowlist"
"TMUX","electron/resources/hooks/pi/bridge/runweave-hook-bridge.cjs","73","property"
"TMUX","electron/resources/hooks/pi/bridge/runweave-hook-bridge.cjs","321","property"
"TMUX","electron/resources/hooks/pi/bridge/runweave-hook-payload.cjs","36","property"
"TMUX","electron/resources/hooks/pi/runweave.js","52","property"
"TMUX","electron/resources/hooks/runweave-hook-bridge.cjs","73","property"
"TMUX","electron/resources/hooks/runweave-hook-bridge.cjs","321","property"
"TMUX","electron/resources/hooks/runweave-hook-payload.cjs","36","property"
"TMUX","packages/agent-bridge/hooks/runweave-hook-bridge.cjs","73","property"
"TMUX","packages/agent-bridge/hooks/runweave-hook-bridge.cjs","321","property"
"TMUX","packages/agent-bridge/hooks/runweave-hook-payload.cjs","36","property"
"TMUX","scripts/toolkit/verify/helpers.mjs","59","property"
"TMUX","scripts/toolkit/verify/helpers.mjs","124","property"
"TMUX_BINARY","backend/src/terminal/tmux/process.ts","64","property"
"TMUX_BINARY","electron/resources/hooks/pi/bridge/runweave-hook-payload.cjs","52","property"
"TMUX_BINARY","electron/resources/hooks/pi/runweave.js","211","property"
"TMUX_BINARY","electron/resources/hooks/runweave-hook-payload.cjs","52","property"
"TMUX_BINARY","packages/agent-bridge/hooks/runweave-hook-payload.cjs","52","property"
"TMUX_PANE","electron/resources/hooks/pi/bridge/runweave-hook-bridge.cjs","321","property"
"TMUX_PANE","electron/resources/hooks/pi/bridge/runweave-hook-bridge.cjs","383","property"
"TMUX_PANE","electron/resources/hooks/pi/bridge/runweave-hook-payload.cjs","37","property"
"TMUX_PANE","electron/resources/hooks/pi/bridge/runweave-hook-payload.cjs","431","property"
"TMUX_PANE","electron/resources/hooks/pi/bridge/runweave-hook-payload.cjs","452","property"
"TMUX_PANE","electron/resources/hooks/pi/runweave.js","53","property"
"TMUX_PANE","electron/resources/hooks/runweave-hook-bridge.cjs","321","property"
"TMUX_PANE","electron/resources/hooks/runweave-hook-bridge.cjs","383","property"
"TMUX_PANE","electron/resources/hooks/runweave-hook-payload.cjs","37","property"
"TMUX_PANE","electron/resources/hooks/runweave-hook-payload.cjs","431","property"
"TMUX_PANE","electron/resources/hooks/runweave-hook-payload.cjs","452","property"
"TMUX_PANE","packages/agent-bridge/hooks/runweave-hook-bridge.cjs","321","property"
"TMUX_PANE","packages/agent-bridge/hooks/runweave-hook-bridge.cjs","383","property"
"TMUX_PANE","packages/agent-bridge/hooks/runweave-hook-payload.cjs","37","property"
"TMUX_PANE","packages/agent-bridge/hooks/runweave-hook-payload.cjs","431","property"
"TMUX_PANE","packages/agent-bridge/hooks/runweave-hook-payload.cjs","452","property"
"TMUX_PANE","scripts/dev-session/fixtures/scope.mjs","24","property"
"TMUX_PANE","scripts/dev-session/fixtures/scope.mjs","94","property"
"TMUX_PANE","scripts/dev-session/fixtures/scope.mjs","226","property"
"TMUX_PANE","scripts/toolkit/verify/helpers.mjs","125","property"
"TRAE_HOME","backend/src/evolution/providers/process-runner.ts","15","dynamic-allowlist"
"TRAEX_BIN","backend/src/voice/codex-app-server-client.ts","294","property"
"TZ","scripts/dev-session/verify/backend-profile-lock.mjs","173","property"
"USER","packages/suiji-server/src/reviews/codex.ts","87","dynamic-allowlist"
"VITE_API_BASE_URL","frontend/src/App.tsx","35","property"
"VITE_DEV_HOST","frontend/vite.config.ts","7","property"
"VITE_DEV_PORT","frontend/vite.config.ts","6","property"
"VITE_PROXY_TARGET","frontend/vite.config.ts","8","property"
"VITE_RUNWEAVE_CHANNEL","frontend/src/e2e/browser-overlay-harness.tsx","116","property"
"VITE_RUNWEAVE_CHANNEL","frontend/src/e2e/browser-overlay-harness.tsx","137","property"
"VITE_RUNWEAVE_CHANNEL","frontend/src/features/terminal/browser-presentation/coordinator.ts","14","property"
"VITE_RUNWEAVE_CHANNEL","frontend/src/main.tsx","8","property"
"VITE_RUNWEAVE_DEV_SESSION_ID","frontend/src/features/dev-session-backend-guard.tsx","4","property"
"VITE_RUNWEAVE_EXPECTED_BACKEND_ID","frontend/src/features/dev-session-backend-guard.tsx","6","property"
"VITE_RUNWEAVE_EXPECTED_BACKEND_ID","frontend/vite.config.ts","10","property"
"VITE_RUNWEAVE_EXPECTED_BACKEND_PROTOCOL","frontend/src/features/dev-session-backend-guard.tsx","8","property"
"VITE_RUNWEAVE_SOURCE_REVISION","frontend/src/main.tsx","10","property"
"VITE_RUNWEAVE_VERSION","frontend/src/main.tsx","11","property"
"VITE_STRICT_PORT","scripts/dev/web.mjs","139","supplemental-literal"
"VITE_TERMINAL_PERF_LOGS","frontend/src/features/terminal/output/performance.ts","5","property"
"VITEST","backend/src/logging/logger.ts","68","property"
"XDG_CACHE_HOME","scripts/electron/dist-retry.mjs","24","property"
"XDG_CONFIG_HOME","backend/src/evolution/providers/process-runner.ts","16","dynamic-allowlist"
"XDG_CONFIG_HOME","packages/suiji-server/src/reviews/codex.ts","92","dynamic-allowlist"
"ZDOTDIR","backend/src/terminal/runtime/shell-integration.ts","28","property"
